bairro,zona,area,quartos,aluguel
Bela Vista,centro,86.0,2.0,2200
Bela Vista,centro,35.0,1.0,3200
Bela Vista,centro,35.0,1.0,3700
Bela Vista,centro,35.0,1.0,3700
Bela Vista,centro,25.0,1.0,1800
Bela Vista,centro,25.0,1.0,2200
Bela Vista,centro,170.0,3.0,2500
Bela Vista,centro,35.0,1.0,1700
Bela Vista,centro,36.0,1.0,1600
Bela Vista,centro,23.0,1.0,2400
Bela Vista,centro,37.0,1.0,2800
Bela Vista,centro,380.0,6.0,11000
Consolação,centro,35.0,1.0,3200
Consolação,centro,35.0,1.0,3700
Consolação,centro,35.0,1.0,3700
Consolação,centro,25.0,1.0,1800
Consolação,centro,25.0,1.0,1800
Consolação,centro,25.0,1.0,2200
Consolação,centro,25.0,1.0,2200
Consolação,centro,35.0,1.0,3900
Consolação,centro,35.0,1.0,3900
Consolação,centro,196.0,3.0,6000
Consolação,centro,214.0,4.0,20000
Consolação,centro,38.0,1.0,3000
Consolação,centro,43.0,1.0,3700
Consolação,centro,35.0,1.0,3100
Santa Cecília,centro,100.0,2.0,4000
Santa Cecília,centro,150.0,7.0,6700
Santa Cecília,centro,30.0,1.0,2450
Santa Cecília,centro,45.0,1.0,1400
Santa Cecília,centro,33.0,1.0,1300
Santa Cecília,centro,35.0,1.0,800
Santa Cecília,centro,100.0,3.0,2200
Santa Cecília,centro,250.0,4.0,6000
Santa Cecília,centro,150.0,4.0,12000
Campos Elíseos,centro,32.0,1.0,1000
Campos Elíseos,centro,24.0,1.0,1350
Campos Elíseos,centro,33.0,1.0,1350
Campos Elíseos,centro,24.0,1.0,1350
Campos Elíseos,centro,20.0,1.0,2000
Campos Elíseos,centro,24.0,1.0,1350
Campos Elíseos,centro,20.0,1.0,2000
Campos Elíseos,centro,42.0,1.0,3500
Campos Elíseos,centro,20.0,1.0,1300
Campos Elíseos,centro,44.0,1.0,2000
Campos Elíseos,centro,20.0,1.0,3500
Campos Elíseos,centro,23.0,1.0,2000
Campos Elíseos,centro,24.0,1.0,1200
Campos Elíseos,centro,95.0,2.0,1250
Cerqueira César,centro,41.0,1.0,1750
Cerqueira César,centro,84.0,2.0,2600
Cerqueira César,centro,280.0,1.0,13000
Cerqueira César,centro,242.0,1.0,19000
Cerqueira César,centro,65.0,3.0,7500
Cerqueira César,centro,232.0,3.0,7000
Cerqueira César,centro,166.0,3.0,15000
Cerqueira César,centro,243.0,3.0,19000
Cerqueira César,centro,242.0,3.0,19000
Cerqueira César,centro,100.0,3.0,8000
Cerqueira César,centro,372.0,1.0,20000
Liberdade,centro,120.0,5.0,4500
Liberdade,centro,120.0,6.0,4500
Liberdade,centro,200.0,4.0,12000
Liberdade,centro,200.0,3.0,6000
Liberdade,centro,160.0,2.0,8000
Liberdade,centro,85.0,2.0,2500
Liberdade,centro,120.0,3.0,5500
Liberdade,centro,25.0,1.0,2000
Liberdade,centro,150.0,3.0,5000
Liberdade,centro,40.0,1.0,900
Liberdade,centro,25.0,1.0,900
Liberdade,centro,43.0,1.0,850
Brás,centro,40.0,2.0,1700
Brás,centro,200.0,2.0,3500
Brás,centro,65.0,2.0,1500
Brás,centro,90.0,3.0,1850
Brás,centro,130.0,3.0,2800
Brás,centro,65.0,2.0,1500
Brás,centro,90.0,3.0,1850
Brás,centro,130.0,3.0,2800
Brás,centro,150.0,3.0,3000
Brás,centro,110.0,2.0,2550
Brás,centro,90.0,3.0,1850
Brás,centro,15.0,1.0,1200
República,centro,29.0,1.0,2300
República,centro,39.0,1.0,2900
República,centro,28.0,1.0,2100
República,centro,39.0,1.0,2700
República,centro,39.0,1.0,2700
República,centro,38.0,1.0,2900
República,centro,39.0,1.0,2600
República,centro,39.0,1.0,2600
República,centro,28.0,1.0,1100
República,centro,28.0,1.0,2200
República,centro,39.0,1.0,2500
República,centro,28.0,1.0,2000
República,centro,39.0,1.0,2500
República,centro,38.0,1.0,2600
República,centro,38.0,1.0,2650
República,centro,28.0,1.0,2650
República,centro,28.0,1.0,2300
República,centro,28.0,1.0,2200
Pinheiros ,oeste,250.0,3.0,11000
Pinheiros ,oeste,450.0,4.0,13010
Pinheiros ,oeste,152.0,6.0,5000
Pinheiros ,oeste,170.0,4.0,6000
Pinheiros ,oeste,450.0,3.0,8500
Pinheiros ,oeste,350.0,4.0,11000
Pinheiros ,oeste,120.0,2.0,5000
Pinheiros ,oeste,120.0,2.0,5500
Pinheiros ,oeste,110.0,1.0,2200
Pinheiros ,oeste,297.0,4.0,15500
Pinheiros ,oeste,347.0,3.0,12000
Pinheiros ,oeste,359.0,4.0,16000
Pinheiros ,oeste,200.0,3.0,12000
Perdizes ,oeste,132.0,3.0,4500
Perdizes ,oeste,270.0,4.0,15000
Perdizes ,oeste,110.0,5.0,7000
Perdizes ,oeste,50.0,1.0,1300
Perdizes ,oeste,180.0,3.0,6800
Perdizes ,oeste,72.0,3.0,3900
Perdizes ,oeste,170.0,4.0,5500
Perdizes ,oeste,360.0,6.0,13200
Perdizes ,oeste,200.0,2.0,7000
Perdizes ,oeste,150.0,3.0,5000
Perdizes ,oeste,170.0,5.0,8500
Perdizes ,oeste,400.0,4.0,15000
Água Branca ,oeste,300.0,4.0,3500
Água Branca ,oeste,140.0,3.0,3300
Água Branca ,oeste,200.0,1.0,5500
Água Branca ,oeste,138.0,3.0,3500
Água Branca ,oeste,299.0,8.0,7000
Água Branca ,oeste,250.0,3.0,10000
Água Branca ,oeste,138.0,3.0,4300
Água Branca ,oeste,290.0,3.0,9010
Cidade Moncoes ,oeste,109.0,2.0,2800
Cidade Moncoes ,oeste,150.0,2.0,3700
Cidade Moncoes ,oeste,400.0,4.0,8900
Cidade Moncoes ,oeste,370.0,4.0,8900
Cidade Moncoes ,oeste,210.0,4.0,8500
Cidade Moncoes ,oeste,210.0,4.0,8500
Cidade Moncoes ,oeste,34.0,1.0,2300
Cidade Moncoes ,oeste,400.0,4.0,9000
Cidade Moncoes ,oeste,150.0,3.0,5000
Cidade Moncoes ,oeste,140.0,3.0,4200
Cidade Moncoes ,oeste,212.0,3.0,5900
Cidade Moncoes ,oeste,180.0,2.0,4000
Cidade Moncoes ,oeste,140.0,2.0,4000
Vila Leopoldina ,oeste,225.0,3.0,2500
Vila Leopoldina ,oeste,100.0,2.0,2000
Vila Leopoldina ,oeste,50.0,1.0,1200
Vila Leopoldina ,oeste,45.0,1.0,2000
Vila Leopoldina ,oeste,130.0,3.0,4200
Vila Leopoldina ,oeste,150.0,4.0,4500
Vila Leopoldina ,oeste,70.0,1.0,2000
Vila Leopoldina ,oeste,80.0,1.0,2000
Vila Leopoldina ,oeste,48.0,2.0,1900
Vila Leopoldina ,oeste,231.0,3.0,4600
Vila Leopoldina ,oeste,120.0,1.0,3400
Vila Leopoldina ,oeste,100.0,3.0,3300
Vila Leopoldina ,oeste,80.0,2.0,4000
Vila Leopoldina ,oeste,80.0,2.0,4000
Vila Leopoldina ,oeste,132.0,2.0,4810
Vila Leopoldina ,oeste,400.0,5.0,7000
Vila Leopoldina ,oeste,150.0,2.0,4000
Higienópolis ,oeste,137.0,1.0,5000
Higienópolis ,oeste,106.0,1.0,11000
Higienópolis ,oeste,75.0,2.0,8000
Higienópolis ,oeste,74.0,3.0,6000
Higienópolis ,oeste,125.0,3.0,6000
Higienópolis ,oeste,150.0,1.0,8000
Higienópolis ,oeste,186.0,3.0,8000
Higienópolis ,oeste,74.0,3.0,6000
Higienópolis ,oeste,75.0,2.0,8000
Higienópolis ,oeste,75.0,1.0,8000
Higienópolis ,oeste,113.0,3.0,11000
Higienópolis ,oeste,59.0,2.0,8500
Alto Da Lapa ,oeste,318.0,3.0,9500
Alto Da Lapa ,oeste,400.0,7.0,12000
Alto Da Lapa ,oeste,120.0,4.0,3000
Alto Da Lapa ,oeste,270.0,3.0,8000
Alto Da Lapa ,oeste,420.0,3.0,11000
Alto Da Lapa ,oeste,219.0,3.0,6500
Alto Da Lapa ,oeste,318.0,3.0,9500
Alto Da Lapa ,oeste,172.0,11.0,6500
Alto Da Lapa ,oeste,280.0,3.0,7000
Alto Da Lapa ,oeste,245.0,2.0,3500
Alto Da Lapa ,oeste,180.0,2.0,4700
Alto Da Lapa ,oeste,144.0,3.0,5300
Alto Da Lapa ,oeste,270.0,1.0,9000
Alto Da Lapa ,oeste,318.0,3.0,9500
Jardim Ampliação ,oeste,58.0,1.0,2200
Jardim Ampliação ,oeste,134.0,2.0,4900
Jardim Ampliação ,oeste,320.0,4.0,3000
Jardim Ampliação ,oeste,208.0,2.0,4500
Jardim Ampliação ,oeste,190.0,3.0,4200
Jardim Ampliação ,oeste,165.0,4.0,3500
Jardim Ampliação ,oeste,60.0,2.0,900
Vila Cordeiro ,oeste,270.0,4.0,13000
Vila Cordeiro ,oeste,70.0,2.0,3500
Vila Cordeiro ,oeste,340.0,3.0,18000
Vila Cordeiro ,oeste,106.0,2.0,3800
Vila Cordeiro ,oeste,300.0,3.0,18000
Vila Cordeiro ,oeste,90.0,2.0,2800
Vila Cordeiro ,oeste,280.0,3.0,4900
Vila Cordeiro ,oeste,150.0,2.0,4800
Vila Cordeiro ,oeste,250.0,5.0,10000
Vila Cordeiro ,oeste,98.0,2.0,4000
Vila Cordeiro ,oeste,242.0,2.0,4500
Vila Cordeiro ,oeste,200.0,4.0,3800
Vila Cordeiro ,oeste,202.0,2.0,6000
Vila Cordeiro ,oeste,170.0,3.0,4470
Vila Cordeiro ,oeste,250.0,5.0,10000
Vila Cordeiro ,oeste,250.0,3.0,4750
Vila Cordeiro ,oeste,290.0,6.0,9000
Vila Cordeiro ,oeste,90.0,2.0,3000
Vila Cordeiro ,oeste,202.0,4.0,5000
Vila Madalena ,oeste,450.0,3.0,8500
Vila Madalena ,oeste,350.0,4.0,11000
Vila Madalena ,oeste,135.0,4.0,4000
Vila Madalena ,oeste,160.0,5.0,9900
Vila Madalena ,oeste,312.0,4.0,13000
Vila Madalena ,oeste,135.0,4.0,4000
Vila Madalena ,oeste,40.0,1.0,1500
Vila Madalena ,oeste,110.0,5.0,2900
Vila Madalena ,oeste,55.0,1.0,1300
Vila Madalena ,oeste,200.0,4.0,14500
Vila Madalena ,oeste,200.0,3.0,12000
Vila Madalena ,oeste,325.0,3.0,14000
Vila Madalena ,oeste,110.0,3.0,6400
Vila Madalena ,oeste,200.0,4.0,12500
Vila Madalena ,oeste,350.0,4.0,12000
Vila Madalena ,oeste,2.0,3.0,6900
Sumarezinho ,oeste,160.0,5.0,9900
Sumarezinho ,oeste,312.0,4.0,13000
Sumarezinho ,oeste,135.0,4.0,4000
Sumarezinho ,oeste,325.0,3.0,14000
Sumarezinho ,oeste,110.0,3.0,6400
Sumarezinho ,oeste,200.0,1.0,7000
Sumarezinho ,oeste,230.0,2.0,11000
Sumarezinho ,oeste,110.0,3.0,6400
Sumarezinho ,oeste,250.0,3.0,12000
Sumarezinho ,oeste,350.0,2.0,10000
Sumarezinho ,oeste,115.0,2.0,3500
Sumarezinho ,oeste,150.0,3.0,6010
Sumarezinho ,oeste,160.0,3.0,14000
Sumarezinho ,oeste,200.0,3.0,14010
Jardim Bonfiglioli ,oeste,294.0,3.0,5000
Jardim Bonfiglioli ,oeste,145.0,2.0,4000
Jardim Bonfiglioli ,oeste,190.0,3.0,4200
Jardim Bonfiglioli ,oeste,129.0,3.0,3450
Jardim Bonfiglioli ,oeste,183.0,3.0,4500
Jardim Bonfiglioli ,oeste,250.0,5.0,5000
Jardim Bonfiglioli ,oeste,140.0,2.0,2800
Jardim Bonfiglioli ,oeste,120.0,3.0,3200
Jardim Bonfiglioli ,oeste,120.0,3.0,3200
Jardim Bonfiglioli ,oeste,170.0,3.0,3600
Jardim Bonfiglioli ,oeste,120.0,3.0,3500
Jardim Bonfiglioli ,oeste,220.0,4.0,2700
Jardim Bonfiglioli ,oeste,125.0,3.0,3200
Jardim Bonfiglioli ,oeste,120.0,3.0,2000
Jardim Bonfiglioli ,oeste,70.0,2.0,1700
Jaguaré ,oeste,85.0,2.0,1800
Jaguaré ,oeste,40.0,1.0,1250
Jaguaré ,oeste,60.0,2.0,1600
Jaguaré ,oeste,60.0,2.0,1600
Jaguaré ,oeste,30.0,1.0,600
Jaguaré ,oeste,40.0,1.0,1390
Jaguaré ,oeste,170.0,3.0,3000
Jaguaré ,oeste,300.0,5.0,5000
Jaguaré ,oeste,150.0,4.0,3800
Jaguaré ,oeste,200.0,3.0,2562
Jaguaré ,oeste,85.0,2.0,2000
Jaguaré ,oeste,190.0,3.0,5200
Jaguaré ,oeste,60.0,2.0,1600
Jaguaré ,oeste,85.0,2.0,2000
Jaguaré ,oeste,90.0,2.0,3150
Jaguaré ,oeste,150.0,3.0,3850
Jaguaré ,oeste,85.0,2.0,2000
Jaguaré ,oeste,250.0,1.0,4500
Jaguaré ,oeste,160.0,2.0,3500
Jaguaré ,oeste,50.0,1.0,2300
Jaguaré ,oeste,150.0,3.0,5000
Vila Ipojuca ,oeste,130.0,3.0,4200
Vila Ipojuca ,oeste,175.0,2.0,2700
Vila Ipojuca ,oeste,172.0,4.0,10000
Vila Ipojuca ,oeste,297.0,4.0,5500
Vila Ipojuca ,oeste,280.0,4.0,6000
Vila Ipojuca ,oeste,350.0,3.0,7000
Vila Ipojuca ,oeste,350.0,3.0,7800
Vila Ipojuca ,oeste,150.0,2.0,3800
Vila Ipojuca ,oeste,300.0,4.0,7000
Vila Ipojuca ,oeste,65.0,1.0,1650
Vila Ipojuca ,oeste,60.0,1.0,1600
Vila Ipojuca ,oeste,350.0,3.0,5000
Vila Ipojuca ,oeste,85.0,1.0,1650
Vila Ipojuca ,oeste,60.0,1.0,1350
Vila Ipojuca ,oeste,295.0,3.0,6500
Vila Ipojuca ,oeste,20.0,1.0,850
Jardim Das Vertentes ,oeste,260.0,3.0,2800
Jardim Das Vertentes ,oeste,147.0,3.0,4000
Jardim Das Vertentes ,oeste,420.0,5.0,3000
Jardim Das Vertentes ,oeste,60.0,1.0,1700
Jardim Das Vertentes ,oeste,60.0,1.0,1800
Jardim Das Vertentes ,oeste,150.0,3.0,3100
Jardim Das Vertentes ,oeste,230.0,3.0,2400
Jardim Das Vertentes ,oeste,180.0,3.0,3000
Jardim Das Vertentes ,oeste,100.0,3.0,2600
Jardim Das Vertentes ,oeste,200.0,3.0,3830
Jardim Das Vertentes ,oeste,180.0,3.0,2900
Jardim Das Vertentes ,oeste,140.0,3.0,2700
Jardim Das Vertentes ,oeste,140.0,3.0,3000
Jardim Das Vertentes ,oeste,100.0,3.0,2700
Jardim Das Vertentes ,oeste,190.0,3.0,2950
Jardim Das Vertentes ,oeste,190.0,3.0,4200
Jardim Das Vertentes ,oeste,190.0,3.0,4300
Jardim Das Vertentes ,oeste,180.0,3.0,2900
Butantã ,oeste,417.0,5.0,12000
Butantã ,oeste,350.0,8.0,9730
Butantã ,oeste,70.0,2.0,2400
Butantã ,oeste,120.0,3.0,3500
Butantã ,oeste,206.0,3.0,2950
Butantã ,oeste,400.0,4.0,7500
Butantã ,oeste,125.0,3.0,3000
Butantã ,oeste,100.0,3.0,3000
Butantã ,oeste,350.0,3.0,12000
Butantã ,oeste,170.0,4.0,2800
Butantã ,oeste,320.0,4.0,10000
Butantã ,oeste,170.0,4.0,2800
Butantã ,oeste,280.0,4.0,14000
Butantã ,oeste,240.0,4.0,7500
Butantã ,oeste,329.0,4.0,9700
Jardim Pinheiros ,oeste,297.0,4.0,15500
Jardim Pinheiros ,oeste,300.0,3.0,10000
Jardim Pinheiros ,oeste,440.0,5.0,10000
Jardim Pinheiros ,oeste,297.0,4.0,15500
Jardim Pinheiros ,oeste,183.0,3.0,4500
Jardim Pinheiros ,oeste,180.0,3.0,4000
Jardim Pinheiros ,oeste,297.0,4.0,17000
Jardim Pinheiros ,oeste,260.0,3.0,10000
Jardim Pinheiros ,oeste,340.0,3.0,12000
Jardim Pinheiros ,oeste,250.0,5.0,8000
Jardim Pinheiros ,oeste,360.0,12.0,20000
Jardim Pinheiros ,oeste,340.0,3.0,12000
Vila Gomes ,oeste,130.0,3.0,2700
Vila Gomes ,oeste,150.0,3.0,2700
Vila Gomes ,oeste,150.0,3.0,2500
Vila Gomes ,oeste,140.0,3.0,3400
Vila Gomes ,oeste,140.0,3.0,3300
Vila Gomes ,oeste,200.0,2.0,2400
Vila Gomes ,oeste,200.0,2.0,2350
Vila Gomes ,oeste,60.0,2.0,1800
Vila Gomes ,oeste,70.0,2.0,1500
Vila Gomes ,oeste,60.0,2.0,1790
Vila Gomes ,oeste,105.0,3.0,2300
Vila Gomes ,oeste,125.0,3.0,3200
Vila Gomes ,oeste,250.0,3.0,3200
Vila Gomes ,oeste,70.0,2.0,2100
Vila Gomes ,oeste,250.0,3.0,2800
Vila Gomes ,oeste,250.0,3.0,3000
Vila Gomes ,oeste,300.0,3.0,3500
Vila Gomes ,oeste,125.0,3.0,3200
Vila Gomes ,oeste,140.0,3.0,2900
Vila Gomes ,oeste,200.0,3.0,3300
Vila Pompéia ,oeste,144.0,3.0,5700
Vila Pompéia ,oeste,100.0,1.0,2300
Vila Pompéia ,oeste,200.0,2.0,7000
Vila Pompéia ,oeste,220.0,3.0,5000
Vila Pompéia ,oeste,160.0,3.0,5000
Vila Pompéia ,oeste,80.0,5.0,3200
Vila Pompéia ,oeste,260.0,7.0,7500
Vila Pompéia ,oeste,120.0,3.0,4500
Vila Pompéia ,oeste,106.0,3.0,6200
Vila Pompéia ,oeste,100.0,2.0,4500
Vila Pompéia ,oeste,110.0,3.0,5500
Vila Pompéia ,oeste,145.0,4.0,5990
Vila Pompéia ,oeste,200.0,2.0,2800
Vila Pompéia ,oeste,260.0,4.0,6200
Vila Pompéia ,oeste,100.0,1.0,7500
Vila Pompéia ,oeste,150.0,3.0,8600
Lapa ,oeste,205.0,3.0,2000
Lapa ,oeste,318.0,3.0,9500
Lapa ,oeste,300.0,3.0,4000
Lapa ,oeste,320.0,2.0,10000
Lapa ,oeste,400.0,7.0,12000
Lapa ,oeste,300.0,5.0,15000
Lapa ,oeste,300.0,4.0,6000
Lapa ,oeste,120.0,4.0,3000
Lapa ,oeste,150.0,3.0,4200
Lapa ,oeste,120.0,1.0,3600
Lapa ,oeste,152.0,5.0,3000
Lapa ,oeste,130.0,3.0,4200
Lapa ,oeste,192.0,4.0,6000
Fazenda Morumbi ,oeste,391.0,4.0,5500
Fazenda Morumbi ,oeste,391.0,4.0,5500
Fazenda Morumbi ,oeste,450.0,4.0,16000
Vila Anglo Brasileira ,oeste,25.0,1.0,1300
Vila Anglo Brasileira ,oeste,119.0,6.0,7000
Vila Anglo Brasileira ,oeste,130.0,2.0,2500
Vila Anglo Brasileira ,oeste,188.0,3.0,4800
Vila Anglo Brasileira ,oeste,188.0,11.0,13000
Vila Anglo Brasileira ,oeste,200.0,2.0,2800
Vila Anglo Brasileira ,oeste,350.0,5.0,7000
Vila Anglo Brasileira ,oeste,245.0,3.0,5000
Vila Anglo Brasileira ,oeste,273.0,3.0,6200
Vila Anglo Brasileira ,oeste,100.0,2.0,2500
Vila Anglo Brasileira ,oeste,81.0,2.0,3900
Vila Anglo Brasileira ,oeste,50.0,1.0,1200
Vila Hamburguesa ,oeste,150.0,3.0,4500
Vila Hamburguesa ,oeste,350.0,3.0,5500
Vila Hamburguesa ,oeste,80.0,1.0,2000
Vila Hamburguesa ,oeste,300.0,12.0,8000
Vila Hamburguesa ,oeste,200.0,3.0,8000
Vila Hamburguesa ,oeste,150.0,2.0,4000
Vila Hamburguesa ,oeste,80.0,2.0,4000
Vila Hamburguesa ,oeste,80.0,2.0,4000
Vila Hamburguesa ,oeste,150.0,3.0,4500
Vila Hamburguesa ,oeste,400.0,5.0,7000
Vila Hamburguesa ,oeste,300.0,1.0,8000
Vila Hamburguesa ,oeste,150.0,2.0,4000
Vila Hamburguesa ,oeste,70.0,3.0,8500
Vila Hamburguesa ,oeste,125.0,3.0,2200
Vila Hamburguesa ,oeste,100.0,2.0,4501
Vila Hamburguesa ,oeste,50.0,2.0,1600
Vila Hamburguesa ,oeste,150.0,2.0,4000
Vila Hamburguesa ,oeste,300.0,4.0,4000
Lar São Paulo ,oeste,212.0,3.0,6200
Lar São Paulo ,oeste,300.0,5.0,5000
Lar São Paulo ,oeste,250.0,3.0,6000
Lar São Paulo ,oeste,300.0,5.0,5000
Lar São Paulo ,oeste,343.0,4.0,5500
Lar São Paulo ,oeste,343.0,4.0,5500
Lar São Paulo ,oeste,330.0,4.0,6200
Lar São Paulo ,oeste,330.0,4.0,6200
Lar São Paulo ,oeste,150.0,3.0,3800
Lar São Paulo ,oeste,150.0,3.0,3800
Lar São Paulo ,oeste,340.0,4.0,4500
Jardim Monte Kemel ,oeste,50.0,1.0,900
Jardim Monte Kemel ,oeste,40.0,1.0,900
Jardim Monte Kemel ,oeste,40.0,1.0,950
Jardim Monte Kemel ,oeste,70.0,2.0,2400
Jardim Monte Kemel ,oeste,40.0,1.0,1260
Jardim Monte Kemel ,oeste,230.0,4.0,7716
Jardim Monte Kemel ,oeste,208.0,5.0,7000
Jardim Monte Kemel ,oeste,230.0,4.0,9216
Jardim Monte Kemel ,oeste,230.0,4.0,7516
Jardim Monte Kemel ,oeste,50.0,2.0,1370
Jardim Monte Kemel ,oeste,10.0,3.0,6500
Jardim Monte Kemel ,oeste,40.0,1.0,6500
Jardim Monte Kemel ,oeste,55.0,1.0,8000
Jardim Monte Kemel ,oeste,50.0,1.0,1260
Jardim Monte Kemel ,oeste,50.0,2.0,1100
Jardim Monte Kemel ,oeste,40.0,1.0,1300
Jardim Monte Kemel ,oeste,150.0,3.0,1370
Jardim Monte Kemel ,oeste,50.0,1.0,950
Jardim Monte Kemel ,oeste,155.0,3.0,2500
Jardim Monte Kemel ,oeste,250.0,2.0,2500
City América ,oeste,350.0,3.0,9050
City América ,oeste,60.0,3.0,3000
City América ,oeste,378.0,4.0,9000
City América ,oeste,180.0,3.0,15000
City América ,oeste,120.0,2.0,3500
City América ,oeste,420.0,4.0,4700
City América ,oeste,390.0,4.0,7500
City América ,oeste,390.0,4.0,9000
City América ,oeste,450.0,4.0,8900
City América ,oeste,395.0,4.0,9000
City América ,oeste,400.0,4.0,4700
City América ,oeste,400.0,4.0,8600
City América ,oeste,150.0,3.0,3100
City América ,oeste,310.0,4.0,7500
Moóca ,leste,300.0,2.0,8000
Moóca ,leste,60.0,1.0,1200
Moóca ,leste,110.0,2.0,2200
Moóca ,leste,110.0,3.0,2300
Moóca ,leste,176.0,3.0,2600
Moóca ,leste,235.0,4.0,4350
Moóca ,leste,85.0,2.0,2300
Moóca ,leste,264.0,3.0,4000
Moóca ,leste,140.0,3.0,2150
Moóca ,leste,210.0,3.0,3800
Moóca ,leste,210.0,3.0,3800
Moóca ,leste,264.0,3.0,4000
Moóca ,leste,150.0,3.0,3300
Moóca ,leste,70.0,3.0,2200
Moóca ,leste,80.0,3.0,1570
Moóca ,leste,82.0,2.0,1900
Moóca ,leste,65.0,2.0,1500
Moóca ,leste,45.0,1.0,1200
Penha De Franca ,leste,200.0,4.0,6500
Penha De Franca ,leste,70.0,1.0,1000
Penha De Franca ,leste,90.0,3.0,1750
Penha De Franca ,leste,50.0,2.0,1200
Penha De Franca ,leste,200.0,4.0,5500
Penha De Franca ,leste,400.0,3.0,8000
Penha De Franca ,leste,145.0,3.0,2500
Penha De Franca ,leste,226.0,3.0,5000
Penha De Franca ,leste,432.0,5.0,12000
Penha De Franca ,leste,300.0,4.0,5200
Penha De Franca ,leste,340.0,3.0,8000
Penha De Franca ,leste,400.0,3.0,8000
Penha De Franca ,leste,300.0,3.0,4500
Penha De Franca ,leste,200.0,3.0,7000
Penha De Franca ,leste,200.0,3.0,7000
Vila Regente Feijó ,leste,144.0,3.0,6000
Vila Regente Feijó ,leste,270.0,3.0,6500
Vila Regente Feijó ,leste,128.0,3.0,4800
Vila Regente Feijó ,leste,144.0,3.0,8000
Vila Regente Feijó ,leste,113.0,3.0,2700
Vila Regente Feijó ,leste,35.0,1.0,900
Vila Regente Feijó ,leste,50.0,1.0,1100
Vila Regente Feijó ,leste,72.0,2.0,2200
Vila Regente Feijó ,leste,100.0,4.0,4000
Vila Regente Feijó ,leste,180.0,3.0,3950
Vila Regente Feijó ,leste,72.0,2.0,2200
Vila Regente Feijó ,leste,150.0,3.0,3200
Vila Regente Feijó ,leste,180.0,3.0,3700
Vila Regente Feijó ,leste,120.0,2.0,3500
Vila Regente Feijó ,leste,260.0,5.0,5800
Vila Regente Feijó ,leste,450.0,3.0,7000
Vila Regente Feijó ,leste,228.0,3.0,3900
Vila Regente Feijó ,leste,202.0,3.0,2900
Tatuapé ,leste,250.0,3.0,4000
Tatuapé ,leste,140.0,3.0,2800
Tatuapé ,leste,105.0,1.0,5000
Tatuapé ,leste,200.0,3.0,3500
Tatuapé ,leste,194.0,3.0,3000
Tatuapé ,leste,105.0,4.0,5000
Tatuapé ,leste,250.0,4.0,8000
Tatuapé ,leste,220.0,4.0,5000
Tatuapé ,leste,90.0,3.0,3260
Tatuapé ,leste,50.0,1.0,1200
Tatuapé ,leste,180.0,2.0,3500
Tatuapé ,leste,171.0,2.0,3170
Tatuapé ,leste,270.0,4.0,10000
Tatuapé ,leste,292.0,2.0,4850
Tatuapé ,leste,270.0,3.0,5810
Tatuapé ,leste,140.0,2.0,3000
Tatuapé ,leste,70.0,3.0,3500
Tatuapé ,leste,266.0,3.0,7800
Tatuapé ,leste,35.0,1.0,900
Vila Carrão ,leste,38.0,1.0,900
Vila Carrão ,leste,332.0,4.0,7840
Vila Carrão ,leste,50.0,1.0,1200
Vila Carrão ,leste,200.0,3.0,4000
Vila Carrão ,leste,40.0,1.0,1200
Vila Carrão ,leste,50.0,1.0,1100
Vila Carrão ,leste,100.0,3.0,2200
Vila Carrão ,leste,332.0,4.0,8000
Vila Carrão ,leste,130.0,2.0,2000
Vila Carrão ,leste,60.0,1.0,1100
Vila Carrão ,leste,160.0,3.0,2500
Vila Carrão ,leste,120.0,3.0,2500
Vila Carrão ,leste,140.0,3.0,4200
Vila Carrão ,leste,70.0,1.0,1700
Vila Carrão ,leste,65.0,2.0,1800
Vila Carrão ,leste,350.0,4.0,6000
Vila Gomes Cardim ,leste,105.0,1.0,5000
Vila Gomes Cardim ,leste,240.0,2.0,4000
Vila Gomes Cardim ,leste,105.0,4.0,5000
Vila Gomes Cardim ,leste,300.0,4.0,8100
Vila Gomes Cardim ,leste,140.0,2.0,3000
Vila Gomes Cardim ,leste,90.0,3.0,3500
Vila Gomes Cardim ,leste,250.0,2.0,3500
Vila Gomes Cardim ,leste,105.0,1.0,5000
Vila Gomes Cardim ,leste,160.0,2.0,1800
Vila Gomes Cardim ,leste,126.0,3.0,3200
Vila Gomes Cardim ,leste,60.0,2.0,2000
Vila Gomes Cardim ,leste,280.0,5.0,10000
Vila Gomes Cardim ,leste,220.0,3.0,4100
Vila Gomes Cardim ,leste,100.0,2.0,2700
Vila Gomes Cardim ,leste,300.0,3.0,5000
Chácara Santo Antônio ,leste,50.0,1.0,1300
Chácara Santo Antônio ,leste,50.0,1.0,1300
Chácara Santo Antônio ,leste,45.0,1.0,1200
Chácara Santo Antônio ,leste,135.0,2.0,2500
Chácara Santo Antônio ,leste,290.0,4.0,4000
Chácara Santo Antônio ,leste,80.0,2.0,2200
Chácara Santo Antônio ,leste,176.0,3.0,3000
Chácara Santo Antônio ,leste,234.0,3.0,4700
Chácara Santo Antônio ,leste,75.0,2.0,1550
Chácara Santo Antônio ,leste,80.0,2.0,1550
Chácara Santo Antônio ,leste,64.0,2.0,2200
Chácara Santo Antônio ,leste,185.0,2.0,2500
Chácara Santo Antônio ,leste,180.0,2.0,3000
Chácara Santo Antônio ,leste,300.0,3.0,5000
Chácara Santo Antônio ,leste,150.0,3.0,2500
Chácara Santo Antônio ,leste,150.0,3.0,2500
Chácara Santo Antônio ,leste,64.0,2.0,2000
Chácara Santo Antônio ,leste,140.0,3.0,3700
Chácara Santo Antônio ,leste,150.0,3.0,4200
Vila Prudente ,leste,80.0,2.0,1500
Vila Prudente ,leste,250.0,3.0,2600
Vila Prudente ,leste,60.0,2.0,900
Vila Prudente ,leste,120.0,3.0,2000
Vila Prudente ,leste,90.0,2.0,1900
Vila Prudente ,leste,250.0,3.0,3200
Vila Prudente ,leste,280.0,4.0,5000
Vila Prudente ,leste,200.0,3.0,5000
Vila Prudente ,leste,180.0,3.0,4000
Vila Prudente ,leste,400.0,3.0,9000
Vila Prudente ,leste,250.0,3.0,3000
Vila Prudente ,leste,276.0,3.0,8000
Vila Prudente ,leste,167.0,3.0,3500
Vila Prudente ,leste,120.0,3.0,3000
Vila Prudente ,leste,276.0,3.0,10000
Vila Antonieta ,leste,155.0,2.0,1580
Vila Antonieta ,leste,50.0,1.0,800
Vila Antonieta ,leste,200.0,4.0,2500
Vila Antonieta ,leste,155.0,2.0,1580
Vila Antonieta ,leste,155.0,2.0,1580
Vila Antonieta ,leste,200.0,3.0,2500
Vila Antonieta ,leste,300.0,3.0,4300
Vila Antonieta ,leste,40.0,2.0,1400
Vila Antonieta ,leste,200.0,3.0,2550
Vila Antonieta ,leste,80.0,2.0,1600
Vila Antonieta ,leste,250.0,3.0,6000
Vila Antonieta ,leste,73.0,3.0,2000
Vila Antonieta ,leste,158.0,2.0,1450
Vila Antonieta ,leste,158.0,2.0,1450
Vila Antonieta ,leste,200.0,4.0,2500
Vila Antonieta ,leste,200.0,4.0,2000
Vila Antonieta ,leste,286.0,4.0,4000
Vila Formosa ,leste,33.0,3.0,1500
Vila Formosa ,leste,100.0,2.0,1300
Vila Formosa ,leste,120.0,3.0,2800
Vila Formosa ,leste,70.0,1.0,1400
Vila Formosa ,leste,150.0,3.0,2000
Vila Formosa ,leste,80.0,1.0,850
Vila Formosa ,leste,100.0,2.0,1600
Vila Formosa ,leste,120.0,2.0,2300
Vila Formosa ,leste,100.0,2.0,1400
Vila Formosa ,leste,30.0,1.0,950
Vila Formosa ,leste,60.0,2.0,1100
Vila Formosa ,leste,30.0,1.0,830
Vila Formosa ,leste,65.0,1.0,1300
Vila Formosa ,leste,73.0,2.0,1300
Vila Formosa ,leste,40.0,1.0,1200
Vila Formosa ,leste,73.0,2.0,1300
Vila Formosa ,leste,180.0,3.0,2500
Vila Formosa ,leste,90.0,2.0,1400
Vila Formosa ,leste,80.0,2.0,2000
Vila Formosa ,leste,288.0,3.0,2900
Vila Formosa ,leste,80.0,2.0,2000
Itaquera ,leste,32.0,1.0,500
Itaquera ,leste,40.0,1.0,800
Itaquera ,leste,57.0,2.0,1350
Itaquera ,leste,60.0,1.0,850
Itaquera ,leste,60.0,2.0,850
Itaquera ,leste,80.0,3.0,1600
Itaquera ,leste,40.0,1.0,850
Itaquera ,leste,25.0,1.0,650
Itaquera ,leste,38.0,1.0,700
Itaquera ,leste,85.0,2.0,1600
Itaquera ,leste,80.0,2.0,2500
Itaquera ,leste,145.0,2.0,1500
Itaquera ,leste,80.0,2.0,1700
Itaquera ,leste,200.0,4.0,1800
Itaquera ,leste,370.0,4.0,8000
Itaquera ,leste,50.0,2.0,900
Itaquera ,leste,200.0,3.0,2500
Itaquera ,leste,55.0,1.0,1000
Itaquera ,leste,50.0,1.0,1600
Itaquera ,leste,40.0,1.0,1300
Itaquera ,leste,70.0,2.0,1500
Vila Guilhermina ,leste,70.0,1.0,1000
Vila Guilhermina ,leste,55.0,2.0,1450
Vila Guilhermina ,leste,45.0,1.0,1100
Vila Guilhermina ,leste,370.0,4.0,10000
Vila Guilhermina ,leste,150.0,2.0,1900
Vila Guilhermina ,leste,438.0,4.0,10000
Vila Guilhermina ,leste,184.0,4.0,3000
Vila Guilhermina ,leste,400.0,7.0,7000
Vila Guilhermina ,leste,250.0,3.0,7000
Vila Guilhermina ,leste,250.0,3.0,2500
Vila Guilhermina ,leste,85.0,2.0,2500
Vila Guilhermina ,leste,70.0,2.0,1800
Vila Guilhermina ,leste,70.0,1.0,1800
Vila Guilhermina ,leste,100.0,2.0,2200
Vila Guilhermina ,leste,300.0,3.0,5000
Vila Guilhermina ,leste,60.0,2.0,2500
Vila Guilhermina ,leste,60.0,2.0,1200
Chácara Califórnia ,leste,170.0,3.0,5000
Chácara Califórnia ,leste,350.0,4.0,6000
Chácara Califórnia ,leste,150.0,2.0,2500
Chácara Califórnia ,leste,25.0,1.0,1000
Chácara Califórnia ,leste,95.0,2.0,2700
Chácara Califórnia ,leste,200.0,4.0,5500
Chácara Califórnia ,leste,433.0,2.0,8000
Chácara Califórnia ,leste,120.0,2.0,1900
Chácara Califórnia ,leste,200.0,3.0,3500
Chácara Califórnia ,leste,103.0,2.0,2100
Chácara Califórnia ,leste,90.0,2.0,3000
Chácara Califórnia ,leste,300.0,1.0,7500
Chácara Califórnia ,leste,80.0,2.0,2800
Chácara Califórnia ,leste,50.0,1.0,1250
Chácara Califórnia ,leste,95.0,2.0,1390
Chácara Califórnia ,leste,65.0,2.0,1750
Chácara Califórnia ,leste,150.0,4.0,2800
Chácara Califórnia ,leste,35.0,1.0,1100
Jardim Penha ,leste,70.0,2.0,1200
Jardim Penha ,leste,48.0,1.0,950
Jardim Penha ,leste,56.0,2.0,1200
Jardim Penha ,leste,220.0,2.0,3500
Jardim Penha ,leste,10.0,2.0,1400
Jardim Penha ,leste,111.0,2.0,2500
Jardim Penha ,leste,110.0,2.0,1800
Jardim Penha ,leste,120.0,3.0,2105
Jardim Penha ,leste,35.0,1.0,1100
Jardim Penha ,leste,60.0,2.0,1300
Jardim Penha ,leste,50.0,1.0,600
Vila Bertioga ,leste,242.0,3.0,4000
Vila Bertioga ,leste,242.0,3.0,4000
Vila Bertioga ,leste,390.0,5.0,10000
Vila Bertioga ,leste,65.0,2.0,1500
Vila Bertioga ,leste,150.0,3.0,3100
Vila Bertioga ,leste,400.0,3.0,3000
Vila Bertioga ,leste,250.0,3.0,4000
Vila Bertioga ,leste,160.0,2.0,4000
Vila Bertioga ,leste,280.0,4.0,7000
Vila Bertioga ,leste,329.0,4.0,10000
Vila Bertioga ,leste,255.0,3.0,5500
Vila Bertioga ,leste,329.0,4.0,10000
Vila Bertioga ,leste,105.0,3.0,3500
Vila Bertioga ,leste,60.0,1.0,1200
Vila Bertioga ,leste,80.0,1.0,1200
Vila Ré ,leste,67.0,3.0,2300
Vila Ré ,leste,76.0,2.0,2000
Vila Ré ,leste,250.0,3.0,5000
Vila Ré ,leste,180.0,2.0,4000
Vila Ré ,leste,250.0,4.0,4800
Vila Ré ,leste,200.0,2.0,3500
Vila Ré ,leste,80.0,1.0,1300
Vila Ré ,leste,350.0,3.0,8000
Vila Ré ,leste,180.0,2.0,4000
Vila Ré ,leste,43.0,1.0,1100
Vila Ré ,leste,100.0,3.0,2300
Vila Ré ,leste,50.0,2.0,1000
Vila Ré ,leste,48.0,2.0,1100
Vila Ré ,leste,100.0,3.0,2000
Vila Ré ,leste,72.0,2.0,1650
Maranhão ,leste,140.0,3.0,2800
Maranhão ,leste,180.0,3.0,4800
Maranhão ,leste,180.0,3.0,4800
Maranhão ,leste,180.0,4.0,4700
Maranhão ,leste,180.0,2.0,4800
Maranhão ,leste,79.0,1.0,1500
Maranhão ,leste,110.0,2.0,2400
Maranhão ,leste,120.0,2.0,2300
Maranhão ,leste,275.0,3.0,10000
Maranhão ,leste,220.0,3.0,3500
Maranhão ,leste,180.0,2.0,4800
Maranhão ,leste,100.0,3.0,3000
Maranhão ,leste,130.0,3.0,2500
Maranhão ,leste,67.0,1.0,2200
Maranhão ,leste,289.0,3.0,6000
Maranhão ,leste,79.0,1.0,1500
Maranhão ,leste,190.0,3.0,2800
Vila Matilde ,leste,202.0,3.0,3000
Vila Matilde ,leste,50.0,1.0,1200
Vila Matilde ,leste,150.0,3.0,2500
Vila Matilde ,leste,40.0,1.0,850
Vila Matilde ,leste,120.0,2.0,2300
Vila Matilde ,leste,90.0,3.0,2000
Vila Matilde ,leste,60.0,2.0,1600
Vila Matilde ,leste,40.0,1.0,1000
Vila Matilde ,leste,35.0,1.0,700
Vila Matilde ,leste,70.0,1.0,1350
Vila Matilde ,leste,433.0,3.0,6000
Vila Matilde ,leste,250.0,5.0,4000
Vila Matilde ,leste,50.0,1.0,3000
Vila Matilde ,leste,50.0,1.0,950
Vila Matilde ,leste,80.0,4.0,3200
Vila Matilde ,leste,110.0,1.0,1500
Vila Matilde ,leste,305.0,3.0,4500
Vila Matilde ,leste,146.0,3.0,2900
Vila Matilde ,leste,130.0,2.0,3950
Alto Da Mooca ,leste,80.0,3.0,1570
Alto Da Mooca ,leste,82.0,2.0,1900
Alto Da Mooca ,leste,110.0,3.0,3900
Alto Da Mooca ,leste,70.0,2.0,1900
Alto Da Mooca ,leste,80.0,2.0,2000
Alto Da Mooca ,leste,170.0,3.0,3500
Alto Da Mooca ,leste,400.0,5.0,7000
Alto Da Mooca ,leste,160.0,3.0,4000
Alto Da Mooca ,leste,206.0,2.0,3500
Alto Da Mooca ,leste,360.0,4.0,8000
Alto Da Mooca ,leste,420.0,3.0,9000
Alto Da Mooca ,leste,149.0,2.0,4200
Alto Da Mooca ,leste,280.0,3.0,6000
Alto Da Mooca ,leste,280.0,3.0,6000
Alto Da Mooca ,leste,280.0,3.0,6000
Alto Da Mooca ,leste,140.0,4.0,5000
Alto Da Mooca ,leste,310.0,4.0,7000
Vila Aricanduva ,leste,90.0,2.0,1700
Vila Aricanduva ,leste,75.0,2.0,1500
Vila Aricanduva ,leste,200.0,4.0,2500
Vila Aricanduva ,leste,300.0,4.0,5700
Vila Aricanduva ,leste,65.0,2.0,2060
Vila Aricanduva ,leste,40.0,2.0,1500
Vila Aricanduva ,leste,190.0,3.0,5000
Vila Aricanduva ,leste,400.0,6.0,8350
Vila Aricanduva ,leste,84.0,2.0,1700
Vila Aricanduva ,leste,102.0,3.0,2400
Vila Aricanduva ,leste,50.0,1.0,800
Vila Aricanduva ,leste,382.0,5.0,4700
Vila Aricanduva ,leste,35.0,1.0,1603
Vila Aricanduva ,leste,70.0,2.0,1960
Vila Aricanduva ,leste,45.0,1.0,800
Vila Aricanduva ,leste,250.0,3.0,6000
Vila Aricanduva ,leste,48.0,1.0,1000
Parada Xv De Novembro ,leste,144.0,2.0,1600
Parada Xv De Novembro ,leste,200.0,4.0,1800
Parada Xv De Novembro ,leste,55.0,1.0,1000
Parada Xv De Novembro ,leste,300.0,5.0,8000
Parada Xv De Novembro ,leste,70.0,2.0,1200
Parada Xv De Novembro ,leste,120.0,3.0,3500
Parada Xv De Novembro ,leste,120.0,3.0,3500
Parada Xv De Novembro ,leste,40.0,1.0,800
Parada Xv De Novembro ,leste,40.0,1.0,800
Parada Xv De Novembro ,leste,47.0,2.0,1200
Parada Xv De Novembro ,leste,120.0,2.0,1200
Parada Xv De Novembro ,leste,70.0,2.0,1100
Vila Buenos Aires ,leste,142.0,3.0,2300
Vila Buenos Aires ,leste,95.0,2.0,1350
Vila Buenos Aires ,leste,142.0,3.0,2300
Vila Buenos Aires ,leste,180.0,3.0,2700
Vila Buenos Aires ,leste,180.0,3.0,2700
Vila Buenos Aires ,leste,50.0,1.0,950
Vila Buenos Aires ,leste,72.0,2.0,1390
Vila Buenos Aires ,leste,10.0,1.0,700
Vila Buenos Aires ,leste,10.0,1.0,850
Vila Buenos Aires ,leste,100.0,2.0,1700
Vila Buenos Aires ,leste,76.0,2.0,1100
Vila Buenos Aires ,leste,120.0,2.0,1500
Vila Buenos Aires ,leste,58.0,2.0,1000
Vila Buenos Aires ,leste,70.0,2.0,1300
Vila Buenos Aires ,leste,10.0,1.0,700
Vila Buenos Aires ,leste,38.0,1.0,750
Vila Buenos Aires ,leste,10.0,1.0,700
Quarta Parada ,leste,144.0,2.0,1600
Quarta Parada ,leste,67.0,2.0,1500
Quarta Parada ,leste,200.0,4.0,1800
Quarta Parada ,leste,55.0,1.0,1000
Quarta Parada ,leste,100.0,2.0,4990
Quarta Parada ,leste,200.0,3.0,4990
Quarta Parada ,leste,300.0,5.0,4990
Quarta Parada ,leste,70.0,2.0,8000
Quarta Parada ,leste,60.0,1.0,1200
Quarta Parada ,leste,220.0,3.0,1800
Quarta Parada ,leste,208.0,3.0,6000
Quarta Parada ,leste,208.0,3.0,6000
Quarta Parada ,leste,53.0,1.0,4000
Quarta Parada ,leste,200.0,3.0,2500
Quarta Parada ,leste,130.0,2.0,9700
Quarta Parada ,leste,120.0,3.0,2500
Quarta Parada ,leste,45.0,1.0,3500
Quarta Parada ,leste,120.0,3.0,800
Quinta Da Paineira ,leste,290.0,3.0,4600
Quinta Da Paineira ,leste,50.0,2.0,1500
Quinta Da Paineira ,leste,105.0,3.0,1900
Quinta Da Paineira ,leste,50.0,2.0,1400
Quinta Da Paineira ,leste,158.0,3.0,2800
Quinta Da Paineira ,leste,120.0,2.0,2700
Vila Ema ,leste,175.0,3.0,2300
Vila Ema ,leste,120.0,3.0,3000
Vila Ema ,leste,160.0,3.0,2500
Vila Ema ,leste,250.0,3.0,3500
Vila Ema ,leste,52.0,2.0,2000
Vila Ema ,leste,190.0,2.0,1800
Vila Ema ,leste,260.0,3.0,6600
Vila Ema ,leste,160.0,3.0,2500
Vila Ema ,leste,70.0,1.0,1000
Vila Ema ,leste,150.0,3.0,2500
Vila Ema ,leste,100.0,2.0,2300
Vila Ema ,leste,160.0,3.0,2500
Vila Ema ,leste,120.0,3.0,4000
Vila Ema ,leste,60.0,1.0,1100
Vila Ema ,leste,40.0,1.0,1100
Vila Ema ,leste,260.0,3.0,5500
Vila Ema ,leste,70.0,1.0,1000
Vila Ema ,leste,100.0,1.0,963
Vila Ema ,leste,160.0,3.0,2500
Vila Ema ,leste,160.0,3.0,2500
Vila Ema ,leste,70.0,1.0,1000
Vila Esperança ,leste,87.0,3.0,1900
Vila Esperança ,leste,50.0,1.0,1100
Vila Esperança ,leste,80.0,2.0,1800
Vila Esperança ,leste,60.0,2.0,1200
Vila Esperança ,leste,60.0,3.0,1500
Vila Esperança ,leste,80.0,2.0,1400
Vila Esperança ,leste,350.0,3.0,4000
Vila Esperança ,leste,75.0,2.0,2500
Vila Esperança ,leste,190.0,3.0,4000
Vila Esperança ,leste,120.0,3.0,2400
Vila Esperança ,leste,70.0,2.0,2500
Vila Esperança ,leste,180.0,3.0,4000
Vila Esperança ,leste,300.0,3.0,4500
Vila Esperança ,leste,114.0,2.0,1900
Vila Esperança ,leste,223.0,3.0,4000
Vila Esperança ,leste,70.0,3.0,2000
Vila Esperança ,leste,150.0,2.0,4000
Vila Esperança ,leste,120.0,2.0,2260
Vila Mariana ,sul,10.0,5.0,4200
Vila Mariana ,sul,172.0,3.0,5900
Vila Mariana ,sul,175.0,3.0,4900
Vila Mariana ,sul,100.0,2.0,2500
Vila Mariana ,sul,300.0,3.0,6000
Vila Mariana ,sul,100.0,2.0,3300
Vila Mariana ,sul,172.0,3.0,5900
Vila Mariana ,sul,100.0,3.0,3500
Vila Mariana ,sul,60.0,2.0,3000
Vila Mariana ,sul,60.0,1.0,2300
Vila Mariana ,sul,270.0,3.0,5000
Vila Mariana ,sul,155.0,3.0,2600
Vila Mariana ,sul,200.0,3.0,2900
Vila Mariana ,sul,45.0,2.0,2500
Vila Mariana ,sul,281.0,2.0,9000
Vila Mariana ,sul,150.0,2.0,3250
Vila Mariana ,sul,250.0,5.0,4900
Vila Mariana ,sul,180.0,1.0,5000
Vila Mariana ,sul,280.0,10.0,9000
Jardim Paulista ,sul,170.0,3.0,3000
Jardim Paulista ,sul,88.0,5.0,8500
Jardim Paulista ,sul,160.0,1.0,10000
Jardim Paulista ,sul,317.0,3.0,15000
Jardim Paulista ,sul,359.0,4.0,17000
Jardim Paulista ,sul,359.0,4.0,17000
Jardim Paulista ,sul,317.0,3.0,15000
Jardim Paulista ,sul,300.0,3.0,7000
Vila Olímpia ,sul,82.0,3.0,3300
Vila Olímpia ,sul,170.0,2.0,6000
Vila Olímpia ,sul,100.0,2.0,4200
Vila Olímpia ,sul,130.0,2.0,4400
Vila Olímpia ,sul,216.0,2.0,7000
Vila Olímpia ,sul,192.0,2.0,7000
Vila Olímpia ,sul,90.0,2.0,4300
Vila Olímpia ,sul,120.0,2.0,6000
Vila Olímpia ,sul,295.0,4.0,12000
Ipiranga ,sul,40.0,1.0,1500
Ipiranga ,sul,48.0,2.0,1550
Ipiranga ,sul,90.0,2.0,2800
Ipiranga ,sul,45.0,1.0,1600
Ipiranga ,sul,28.0,1.0,1250
Ipiranga ,sul,90.0,2.0,2000
Ipiranga ,sul,180.0,3.0,4000
Ipiranga ,sul,50.0,1.0,1500
Ipiranga ,sul,42.0,2.0,1340
Ipiranga ,sul,28.0,1.0,1160
Ipiranga ,sul,72.0,2.0,2970
Ipiranga ,sul,140.0,2.0,2400
Ipiranga ,sul,21.0,1.0,1000
Ipiranga ,sul,85.0,1.0,650
Ipiranga ,sul,175.0,3.0,4000
Ipiranga ,sul,145.0,2.0,3000
Ipiranga ,sul,145.0,2.0,3000
Ipiranga ,sul,80.0,2.0,1700
Ipiranga ,sul,80.0,2.0,2300
Ipiranga ,sul,150.0,2.0,2300
Brooklin Paulista ,sul,124.0,3.0,3500
Brooklin Paulista ,sul,155.0,3.0,4987
Brooklin Paulista ,sul,210.0,3.0,4800
Brooklin Paulista ,sul,160.0,2.0,4000
Brooklin Paulista ,sul,450.0,4.0,15000
Brooklin Paulista ,sul,133.0,3.0,5000
Brooklin Paulista ,sul,210.0,3.0,4800
Brooklin Paulista ,sul,200.0,3.0,5900
Brooklin Paulista ,sul,97.0,2.0,3100
Brooklin Paulista ,sul,327.0,5.0,9500
Brooklin Paulista ,sul,350.0,4.0,10000
Brooklin Paulista ,sul,240.0,9.0,5000
Brooklin Paulista ,sul,300.0,10.0,11000
Brooklin Paulista ,sul,370.0,3.0,15000
Brooklin Paulista ,sul,210.0,3.0,4800
Cambuci ,sul,174.0,3.0,5000
Cambuci ,sul,65.0,1.0,1250
Cambuci ,sul,120.0,3.0,4000
Cambuci ,sul,180.0,4.0,5200
Cambuci ,sul,38.0,1.0,1000
Cambuci ,sul,80.0,1.0,1350
Cambuci ,sul,180.0,3.0,5300
Cambuci ,sul,230.0,5.0,7500
Cambuci ,sul,230.0,3.0,7500
Cambuci ,sul,200.0,4.0,2900
Cambuci ,sul,180.0,3.0,5500
Cambuci ,sul,200.0,3.0,4500
Cambuci ,sul,100.0,3.0,5000
Campo Belo ,sul,130.0,3.0,4200
Campo Belo ,sul,194.0,3.0,5400
Campo Belo ,sul,142.0,3.0,4500
Campo Belo ,sul,133.0,3.0,5000
Campo Belo ,sul,200.0,3.0,6400
Campo Belo ,sul,80.0,1.0,450
Campo Belo ,sul,180.0,3.0,5500
Campo Belo ,sul,350.0,4.0,10000
Campo Belo ,sul,300.0,10.0,11000
Campo Belo ,sul,130.0,3.0,4200
Campo Belo ,sul,350.0,4.0,10000
Campo Belo ,sul,180.0,3.0,4000
Campo Belo ,sul,100.0,1.0,12000
Campo Belo ,sul,100.0,2.0,3000
Indianópolis ,sul,130.0,1.0,6000
Indianópolis ,sul,167.0,3.0,4900
Indianópolis ,sul,50.0,2.0,3000
Indianópolis ,sul,230.0,3.0,7000
Indianópolis ,sul,230.0,3.0,7000
Indianópolis ,sul,300.0,2.0,20000
Indianópolis ,sul,167.0,3.0,4900
Indianópolis ,sul,250.0,2.0,3500
Indianópolis ,sul,230.0,3.0,7000
Indianópolis ,sul,100.0,2.0,4500
Indianópolis ,sul,325.0,3.0,17500
Indianópolis ,sul,230.0,4.0,8000
Indianópolis ,sul,180.0,6.0,7900
Indianópolis ,sul,325.0,3.0,17500
Indianópolis ,sul,180.0,3.0,7500
Aclimação ,sul,208.0,2.0,4500
Aclimação ,sul,110.0,3.0,2500
Aclimação ,sul,160.0,3.0,4100
Aclimação ,sul,160.0,4.0,4100
Aclimação ,sul,160.0,4.0,4500
Aclimação ,sul,160.0,3.0,4100
Aclimação ,sul,180.0,3.0,4000
Aclimação ,sul,269.0,4.0,12000
Aclimação ,sul,140.0,3.0,4000
Aclimação ,sul,160.0,3.0,4100
Aclimação ,sul,180.0,3.0,4000
Aclimação ,sul,90.0,2.0,4500
Aclimação ,sul,100.0,5.0,5800
Aclimação ,sul,210.0,1.0,7000
Aclimação ,sul,180.0,3.0,5000
Aclimação ,sul,230.0,3.0,5000
Aclimação ,sul,200.0,5.0,11000
Aclimação ,sul,130.0,2.0,3500
Aclimação ,sul,100.0,4.0,4000
Itaim Bibi ,sul,200.0,3.0,9000
Itaim Bibi ,sul,200.0,4.0,15000
Itaim Bibi ,sul,70.0,2.0,1800
Itaim Bibi ,sul,250.0,4.0,7400
Itaim Bibi ,sul,170.0,3.0,9000
Itaim Bibi ,sul,160.0,3.0,5000
Itaim Bibi ,sul,300.0,3.0,7500
Itaim Bibi ,sul,150.0,3.0,10000
Itaim Bibi ,sul,200.0,1.0,8500
Itaim Bibi ,sul,250.0,1.0,7500
Vila Nova Conceição ,sul,260.0,3.0,9000
Vila Nova Conceição ,sul,60.0,2.0,1750
Vila Nova Conceição ,sul,80.0,2.0,1600
Vila Nova Conceição ,sul,230.0,3.0,9500
Vila Nova Conceição ,sul,198.0,3.0,9000
Vila Nova Conceição ,sul,260.0,4.0,10000
Vila Nova Conceição ,sul,390.0,6.0,18000
Vila Nova Conceição ,sul,140.0,5.0,16000
Vila Nova Conceição ,sul,143.0,3.0,10000
Vila Nova Conceição ,sul,210.0,4.0,14000
Vila Nova Conceição ,sul,80.0,2.0,2200
Vila Monumento ,sul,350.0,4.0,6000
Vila Monumento ,sul,140.0,2.0,2800
Vila Monumento ,sul,100.0,2.0,2100
Vila Monumento ,sul,65.0,1.0,1500
Vila Monumento ,sul,120.0,3.0,2500
Vila Monumento ,sul,234.0,7.0,5900
Vila Monumento ,sul,270.0,3.0,4500
Vila Monumento ,sul,209.0,3.0,6000
Vila Monumento ,sul,235.0,4.0,7000
Vila Monumento ,sul,250.0,4.0,4500
Vila Monumento ,sul,290.0,4.0,4500
Vila Monumento ,sul,30.0,1.0,1200
Vila Monumento ,sul,30.0,1.0,1300
Vila Monumento ,sul,95.0,2.0,2400
Vila Monumento ,sul,200.0,4.0,4500
Vila Monumento ,sul,156.0,3.0,3500
Vila Monumento ,sul,300.0,4.0,4500
Sacomã ,sul,45.0,2.0,1600
Sacomã ,sul,202.0,3.0,3000
Sacomã ,sul,300.0,9.0,6500
Sacomã ,sul,65.0,2.0,2000
Sacomã ,sul,350.0,4.0,4430
Sacomã ,sul,200.0,4.0,2300
Sacomã ,sul,140.0,3.0,3300
Sacomã ,sul,55.0,1.0,1500
Sacomã ,sul,80.0,2.0,1450
Sacomã ,sul,90.0,2.0,1950
Sacomã ,sul,60.0,1.0,900
Sacomã ,sul,300.0,5.0,5500
Sacomã ,sul,202.0,3.0,3000
Sacomã ,sul,45.0,1.0,1150
Sacomã ,sul,230.0,3.0,2800
Sacomã ,sul,120.0,2.0,2000
Sacomã ,sul,75.0,2.0,1550
Sacomã ,sul,90.0,2.0,3000
Sacomã ,sul,100.0,3.0,2500
Vila Guarani (z Sul) ,sul,15.0,1.0,600
Vila Guarani (z Sul) ,sul,160.0,3.0,2500
Vila Guarani (z Sul) ,sul,60.0,2.0,1750
Vila Guarani (z Sul) ,sul,100.0,2.0,2700
Vila Guarani (z Sul) ,sul,80.0,2.0,1600
Vila Guarani (z Sul) ,sul,42.0,1.0,750
Vila Guarani (z Sul) ,sul,40.0,1.0,850
Vila Guarani (z Sul) ,sul,30.0,1.0,1000
Vila Guarani (z Sul) ,sul,15.0,1.0,550
Vila Guarani (z Sul) ,sul,100.0,1.0,1000
Vila Guarani (z Sul) ,sul,40.0,2.0,1500
Vila Guarani (z Sul) ,sul,40.0,1.0,850
Vila Guarani (z Sul) ,sul,250.0,2.0,5000
Vila Guarani (z Sul) ,sul,200.0,3.0,6000
Vila Guarani (z Sul) ,sul,250.0,2.0,5000
Vila Guarani (z Sul) ,sul,124.0,3.0,2200
Vila Guarani (z Sul) ,sul,300.0,4.0,8000
Vila Guarani (z Sul) ,sul,70.0,2.0,1600
Vila Guarani (z Sul) ,sul,70.0,2.0,1500
Santo Amaro ,sul,118.0,2.0,3500
Santo Amaro ,sul,375.0,4.0,8000
Santo Amaro ,sul,250.0,2.0,2000
Santo Amaro ,sul,280.0,4.0,8000
Santo Amaro ,sul,100.0,1.0,7000
Santo Amaro ,sul,150.0,2.0,4000
Santo Amaro ,sul,380.0,4.0,10700
Santo Amaro ,sul,200.0,2.0,2600
Santo Amaro ,sul,154.0,1.0,6900
Santo Amaro ,sul,120.0,1.0,13000
Santo Amaro ,sul,259.0,3.0,8000
Santo Amaro ,sul,100.0,1.0,5000
Santo Amaro ,sul,60.0,1.0,6500
Moema ,sul,130.0,1.0,6000
Moema ,sul,120.0,3.0,5800
Moema ,sul,50.0,2.0,3000
Moema ,sul,230.0,3.0,7000
Moema ,sul,300.0,2.0,20000
Moema ,sul,240.0,4.0,10000
Moema ,sul,100.0,2.0,4500
Moema ,sul,240.0,4.0,10000
Moema ,sul,180.0,6.0,7900
Moema ,sul,250.0,3.0,16000
Moema ,sul,180.0,3.0,7500
Moema ,sul,150.0,4.0,10000
Moema ,sul,55.0,1.0,1550
Moema ,sul,200.0,4.0,7000
Vila Monte Alegre ,sul,60.0,2.0,1400
Vila Monte Alegre ,sul,168.0,2.0,2400
Vila Monte Alegre ,sul,345.0,4.0,5000
Vila Monte Alegre ,sul,244.0,4.0,4000
Vila Monte Alegre ,sul,244.0,4.0,4000
Vila Monte Alegre ,sul,224.0,2.0,10000
Vila Monte Alegre ,sul,190.0,3.0,3590
Vila Monte Alegre ,sul,35.0,1.0,1500
Vila Monte Alegre ,sul,87.0,3.0,4000
Vila Monte Alegre ,sul,40.0,1.0,1300
Vila Monte Alegre ,sul,60.0,1.0,1250
Vila Monte Alegre ,sul,345.0,4.0,5000
Vila Monte Alegre ,sul,220.0,4.0,6000
Vila Monte Alegre ,sul,50.0,1.0,1000
Vila Monte Alegre ,sul,320.0,3.0,10000
Vila Monte Alegre ,sul,40.0,1.0,1500
Chácara Santo Antônio ,sul,376.0,4.0,8900
Chácara Santo Antônio ,sul,100.0,5.0,3500
Chácara Santo Antônio ,sul,450.0,4.0,12900
Chácara Santo Antônio ,sul,286.0,1.0,8000
Chácara Santo Antônio ,sul,82.0,4.0,2800
Chácara Santo Antônio ,sul,150.0,2.0,5000
Chácara Santo Antônio ,sul,100.0,2.0,2600
Chácara Santo Antônio ,sul,110.0,2.0,5000
Chácara Santo Antônio ,sul,105.0,1.0,2500
Chácara Santo Antônio ,sul,150.0,3.0,12000
Chácara Santo Antônio ,sul,400.0,4.0,9000
Chácara Santo Antônio ,sul,258.0,4.0,9000
Chácara Santo Antônio ,sul,75.0,3.0,3000
Chácara Santo Antônio ,sul,330.0,4.0,12000
Chácara Santo Antônio ,sul,330.0,4.0,12000
Vila Dom Pedro I ,sul,150.0,2.0,2300
Vila Dom Pedro I ,sul,150.0,3.0,1800
Vila Dom Pedro I ,sul,80.0,2.0,2800
Vila Dom Pedro I ,sul,160.0,3.0,2500
Vila Dom Pedro I ,sul,147.0,3.0,3500
Vila Dom Pedro I ,sul,252.0,4.0,6000
Vila Dom Pedro I ,sul,130.0,2.0,2300
Vila Dom Pedro I ,sul,150.0,2.0,2650
Vila Dom Pedro I ,sul,80.0,2.0,2400
Vila Dom Pedro I ,sul,70.0,1.0,1600
Vila Dom Pedro I ,sul,99.0,2.0,2500
Vila Dom Pedro I ,sul,82.0,2.0,2490
Vila Dom Pedro I ,sul,198.0,3.0,5400
Vila Clementino ,sul,380.0,4.0,6500
Vila Clementino ,sul,60.0,2.0,2990
Vila Clementino ,sul,200.0,2.0,2900
Vila Clementino ,sul,200.0,4.0,12000
Vila Clementino ,sul,160.0,3.0,3900
Vila Clementino ,sul,322.0,9.0,5700
Vila Clementino ,sul,80.0,1.0,3500
Vila Clementino ,sul,143.0,3.0,3000
Vila Clementino ,sul,192.0,7.0,5000
Vila Clementino ,sul,126.0,5.0,6300
Vila Clementino ,sul,260.0,3.0,10000
Vila Clementino ,sul,380.0,3.0,6000
Vila Clementino ,sul,234.0,8.0,6000
Vila Uberabinha ,sul,120.0,3.0,5800
Vila Uberabinha ,sul,240.0,4.0,10000
Vila Uberabinha ,sul,240.0,4.0,10000
Vila Uberabinha ,sul,150.0,4.0,10000
Vila Uberabinha ,sul,300.0,6.0,18000
Vila Uberabinha ,sul,124.0,2.0,5000
Vila Uberabinha ,sul,141.0,1.0,7000
Vila Uberabinha ,sul,400.0,4.0,15000
Vila Uberabinha ,sul,141.0,2.0,7000
Vila Uberabinha ,sul,280.0,3.0,9200
Vila Uberabinha ,sul,139.0,1.0,7000
Vila Uberabinha ,sul,140.0,2.0,8011
Vila Uberabinha ,sul,330.0,5.0,10000
Vila Uberabinha ,sul,145.0,3.0,6800
Parque Jabaquara ,sul,80.0,3.0,2500
Parque Jabaquara ,sul,95.0,3.0,4000
Parque Jabaquara ,sul,220.0,3.0,6000
Parque Jabaquara ,sul,107.0,3.0,2500
Parque Jabaquara ,sul,152.0,3.0,2500
Parque Jabaquara ,sul,140.0,3.0,4000
Parque Jabaquara ,sul,270.0,5.0,3000
Parque Jabaquara ,sul,150.0,3.0,6000
Parque Jabaquara ,sul,189.0,2.0,3500
Parque Jabaquara ,sul,291.0,3.0,3300
Parque Jabaquara ,sul,150.0,3.0,3200
Parque Jabaquara ,sul,140.0,3.0,3800
Parque Jabaquara ,sul,85.0,4.0,4500
Parque Jabaquara ,sul,50.0,1.0,1200
Parque Jabaquara ,sul,35.0,1.0,1200
Parque Jabaquara ,sul,179.0,3.0,3200
Parque Jabaquara ,sul,189.0,3.0,3500
Parque Jabaquara ,sul,190.0,5.0,3500
Parque Jabaquara ,sul,350.0,4.0,7000
Parque Jabaquara ,sul,165.0,3.0,2600
Paraíso ,sul,115.0,3.0,5500
Paraíso ,sul,238.0,4.0,5000
Paraíso ,sul,340.0,10.0,11000
Paraíso ,sul,300.0,3.0,8000
Paraíso ,sul,260.0,3.0,10900
Paraíso ,sul,230.0,4.0,5000
Paraíso ,sul,250.0,4.0,12000
Paraíso ,sul,250.0,4.0,12000
Paraíso ,sul,294.0,8.0,12000
Paraíso ,sul,294.0,8.0,12000
Paraíso ,sul,115.0,3.0,5500
Paraíso ,sul,104.0,3.0,3800
Paraíso ,sul,237.0,4.0,8000
Paraíso ,sul,100.0,2.0,4000
Paraíso ,sul,269.0,4.0,12000
Paraíso ,sul,360.0,4.0,18000
Paraíso ,sul,200.0,4.0,13000
Vila Mascote ,sul,200.0,2.0,5000
Vila Mascote ,sul,290.0,3.0,4500
Vila Mascote ,sul,250.0,4.0,4400
Vila Mascote ,sul,138.0,2.0,4000
Vila Mascote ,sul,150.0,3.0,3000
Vila Mascote ,sul,400.0,3.0,15000
Vila Mascote ,sul,200.0,4.0,6000
Vila Mascote ,sul,200.0,2.0,2800
Vila Mascote ,sul,100.0,2.0,3500
Vila Mascote ,sul,198.0,3.0,3700
Vila Mascote ,sul,400.0,3.0,14000
Vila Mascote ,sul,160.0,3.0,3300
Vila Mascote ,sul,178.0,3.0,3300
Vila Mascote ,sul,100.0,3.0,2600
Vila Mascote ,sul,200.0,3.0,3500
Vila Das Mercês ,sul,50.0,1.0,850
Vila Das Mercês ,sul,35.0,1.0,1200
Vila Das Mercês ,sul,80.0,2.0,1800
Vila Das Mercês ,sul,300.0,4.0,3500
Vila Das Mercês ,sul,70.0,2.0,1500
Vila Das Mercês ,sul,40.0,1.0,900
Vila Das Mercês ,sul,40.0,1.0,900
Vila Das Mercês ,sul,58.0,1.0,1200
Vila Das Mercês ,sul,70.0,2.0,1200
Vila Das Mercês ,sul,60.0,2.0,1400
Vila Das Mercês ,sul,70.0,2.0,1200
Vila Das Mercês ,sul,55.0,1.0,1100
Vila Das Mercês ,sul,120.0,2.0,2000
Vila Das Mercês ,sul,110.0,2.0,1980
Vila Das Mercês ,sul,30.0,1.0,850
Vila Das Mercês ,sul,50.0,2.0,1200
Jardim Aeroporto ,sul,230.0,2.0,4300
Jardim Aeroporto ,sul,125.0,3.0,3000
Jardim Aeroporto ,sul,125.0,2.0,2500
Jardim Aeroporto ,sul,152.0,3.0,2500
Jardim Aeroporto ,sul,189.0,2.0,3500
Jardim Aeroporto ,sul,170.0,3.0,3500
Jardim Aeroporto ,sul,150.0,3.0,3200
Jardim Aeroporto ,sul,140.0,3.0,3800
Jardim Aeroporto ,sul,130.0,3.0,3300
Jardim Aeroporto ,sul,110.0,3.0,2300
Jardim Aeroporto ,sul,150.0,3.0,3200
Jardim Aeroporto ,sul,162.0,3.0,2800
Jardim Aeroporto ,sul,189.0,3.0,3500
Jardim Aeroporto ,sul,190.0,5.0,3500
Jardim Aeroporto ,sul,350.0,4.0,7000
Jardim Aeroporto ,sul,195.0,1.0,10000
Jardim Aeroporto ,sul,196.0,1.0,9000
Jardim Aeroporto ,sul,250.0,3.0,4100
Jardim Aeroporto ,sul,177.0,6.0,9000
Nova Piraju ,sul,150.0,3.0,4000
Nova Piraju ,sul,235.0,2.0,2700
Nova Piraju ,sul,156.0,2.0,4300
Nova Piraju ,sul,190.0,3.0,4500
Nova Piraju ,sul,28.0,1.0,3300
Vila Gumercindo ,sul,52.0,1.0,1200
Vila Gumercindo ,sul,42.0,1.0,1100
Vila Gumercindo ,sul,80.0,2.0,2700
Vila Gumercindo ,sul,50.0,1.0,1680
Vila Gumercindo ,sul,50.0,1.0,1680
Vila Gumercindo ,sul,30.0,1.0,1050
Vila Gumercindo ,sul,50.0,1.0,1680
Vila Gumercindo ,sul,50.0,1.0,1680
Vila Gumercindo ,sul,40.0,1.0,1300
Vila Gumercindo ,sul,30.0,1.0,1000
Vila Gumercindo ,sul,80.0,2.0,2900
Vila Gumercindo ,sul,100.0,3.0,2300
Vila Gumercindo ,sul,150.0,3.0,2200
Vila Gumercindo ,sul,71.0,2.0,2600
Vila Gumercindo ,sul,80.0,2.0,2500
Vila Gumercindo ,sul,33.0,1.0,1150
Vila Gumercindo ,sul,200.0,3.0,3500
Vila Gumercindo ,sul,100.0,2.0,2100
Vila Gumercindo ,sul,330.0,2.0,4000
Vila Gumercindo ,sul,400.0,5.0,8000
Bosque Da Saúde ,sul,120.0,4.0,5500
Bosque Da Saúde ,sul,268.0,3.0,6000
Bosque Da Saúde ,sul,160.0,3.0,4800
Bosque Da Saúde ,sul,347.0,4.0,10000
Bosque Da Saúde ,sul,180.0,3.0,2700
Bosque Da Saúde ,sul,110.0,3.0,3000
Bosque Da Saúde ,sul,150.0,3.0,3600
Bosque Da Saúde ,sul,100.0,3.0,2300
Bosque Da Saúde ,sul,50.0,1.0,1300
Bosque Da Saúde ,sul,170.0,2.0,2280
Bosque Da Saúde ,sul,250.0,3.0,3500
Bosque Da Saúde ,sul,110.0,3.0,3000
Bosque Da Saúde ,sul,180.0,4.0,2600
Bosque Da Saúde ,sul,300.0,4.0,4000
Bosque Da Saúde ,sul,180.0,3.0,7000
Jabaquara ,sul,90.0,2.0,2400
Jabaquara ,sul,250.0,4.0,2300
Jabaquara ,sul,160.0,3.0,2500
Jabaquara ,sul,138.0,2.0,2500
Jabaquara ,sul,80.0,2.0,1150
Jabaquara ,sul,80.0,3.0,2500
Jabaquara ,sul,95.0,3.0,4000
Jabaquara ,sul,65.0,1.0,1500
Jabaquara ,sul,40.0,1.0,700
Jabaquara ,sul,34.0,1.0,900
Jabaquara ,sul,20.0,1.0,550
Jabaquara ,sul,230.0,2.0,4300
Jabaquara ,sul,220.0,3.0,6000
Jabaquara ,sul,270.0,8.0,4500
Jabaquara ,sul,250.0,2.0,5000
Jabaquara ,sul,30.0,1.0,1000
Jabaquara ,sul,120.0,3.0,3450
Jabaquara ,sul,107.0,3.0,2500
Santana ,norte,180.0,2.0,2000
Santana ,norte,190.0,3.0,2700
Santana ,norte,255.0,4.0,6000
Santana ,norte,127.0,3.0,7000
Santana ,norte,200.0,4.0,4000
Santana ,norte,205.0,3.0,6000
Santana ,norte,300.0,3.0,8000
Santana ,norte,295.0,3.0,5000
Santana ,norte,40.0,2.0,1500
Santana ,norte,315.0,4.0,9700
Santana ,norte,300.0,6.0,5500
Santana ,norte,390.0,4.0,9000
Santana ,norte,100.0,2.0,2000
Santana ,norte,420.0,1.0,12000
Santana ,norte,60.0,3.0,1800
Santana ,norte,184.0,3.0,4700
Jardim Peri ,norte,50.0,1.0,799
Jardim Peri ,norte,210.0,2.0,1250
Jardim Peri ,norte,40.0,1.0,550
Jardim Peri ,norte,90.0,3.0,1100
Jardim Peri ,norte,70.0,1.0,600
Jardim Peri ,norte,50.0,1.0,750
Jardim Peri ,norte,90.0,2.0,850
Jardim Peri ,norte,200.0,1.0,750
Jardim Peri ,norte,70.0,3.0,930
Jardim Peri ,norte,360.0,2.0,950
Jardim Peri ,norte,48.0,1.0,800
Jardim Peri ,norte,70.0,2.0,550
Jardim Peri ,norte,50.0,2.0,1000
Jardim Peri ,norte,45.0,1.0,700
Jardim Peri ,norte,70.0,1.0,700
Jardim Peri ,norte,60.0,2.0,1389
Jardim Peri ,norte,100.0,3.0,1350
Jardim Peri ,norte,100.0,1.0,800
Jardim Peri ,norte,70.0,1.0,750
Jardim Peri ,norte,45.0,2.0,1000
Santa Teresinha ,norte,133.0,3.0,3500
Santa Teresinha ,norte,250.0,3.0,3500
Santa Teresinha ,norte,200.0,2.0,2750
Santa Teresinha ,norte,230.0,3.0,6000
Santa Teresinha ,norte,95.0,2.0,2600
Santa Teresinha ,norte,300.0,4.0,5380
Santa Teresinha ,norte,130.0,3.0,3200
Santa Teresinha ,norte,120.0,2.0,3000
Santa Teresinha ,norte,350.0,6.0,5000
Santa Teresinha ,norte,120.0,2.0,2500
Santa Teresinha ,norte,90.0,2.0,2300
Santa Teresinha ,norte,150.0,3.0,2900
Santa Teresinha ,norte,150.0,3.0,2500
Santa Teresinha ,norte,250.0,2.0,2600
Santa Teresinha ,norte,120.0,3.0,4300
Santa Teresinha ,norte,220.0,3.0,3900
Santa Teresinha ,norte,185.0,3.0,4000
Vila Mazzei ,norte,350.0,3.0,4200
Vila Mazzei ,norte,40.0,1.0,850
Vila Mazzei ,norte,120.0,4.0,2100
Vila Mazzei ,norte,110.0,2.0,3000
Vila Mazzei ,norte,180.0,5.0,4000
Vila Mazzei ,norte,50.0,1.0,1000
Vila Mazzei ,norte,65.0,3.0,1500
Vila Mazzei ,norte,40.0,2.0,1300
Vila Mazzei ,norte,32.0,1.0,1350
Vila Mazzei ,norte,60.0,2.0,2000
Vila Mazzei ,norte,100.0,2.0,2800
Vila Mazzei ,norte,40.0,1.0,1700
Vila Mazzei ,norte,40.0,1.0,1700
Vila Mazzei ,norte,50.0,1.0,1000
Vila Mazzei ,norte,50.0,3.0,2000
Vila Mazzei ,norte,70.0,2.0,2500
Vila Mazzei ,norte,320.0,4.0,4800
Vila Guilherme ,norte,70.0,3.0,1550
Vila Guilherme ,norte,150.0,3.0,10000
Vila Guilherme ,norte,252.0,3.0,4500
Vila Guilherme ,norte,143.0,4.0,10000
Vila Guilherme ,norte,300.0,3.0,5500
Vila Guilherme ,norte,252.0,3.0,4500
Vila Guilherme ,norte,145.0,3.0,10000
Vila Guilherme ,norte,60.0,1.0,950
Vila Guilherme ,norte,250.0,1.0,6500
Vila Guilherme ,norte,150.0,3.0,2900
Vila Guilherme ,norte,70.0,1.0,1000
Vila Guilherme ,norte,80.0,2.0,1500
Vila Guilherme ,norte,144.0,2.0,2000
Vila Guilherme ,norte,90.0,3.0,2300
Vila Gustavo ,norte,400.0,3.0,6000
Vila Gustavo ,norte,98.0,2.0,2500
Vila Gustavo ,norte,80.0,3.0,5000
Vila Gustavo ,norte,270.0,3.0,6000
Vila Gustavo ,norte,170.0,3.0,3000
Vila Gustavo ,norte,330.0,3.0,9000
Vila Gustavo ,norte,170.0,3.0,4000
Vila Gustavo ,norte,45.0,1.0,1200
Vila Gustavo ,norte,45.0,1.0,1200
Vila Gustavo ,norte,45.0,1.0,1200
Vila Gustavo ,norte,45.0,1.0,1200
Vila Gustavo ,norte,150.0,3.0,2300
Vila Gustavo ,norte,60.0,2.0,1200
Vila Gustavo ,norte,42.0,2.0,1000
Parque Mandaqui ,norte,390.0,5.0,7500
Parque Mandaqui ,norte,58.0,2.0,1200
Parque Mandaqui ,norte,424.0,3.0,3300
Parque Mandaqui ,norte,166.0,3.0,3500
Parque Mandaqui ,norte,43.0,1.0,1200
Parque Mandaqui ,norte,150.0,3.0,3000
Parque Mandaqui ,norte,250.0,3.0,3500
Parque Mandaqui ,norte,390.0,2.0,5500
Parque Mandaqui ,norte,230.0,3.0,3500
Parque Mandaqui ,norte,40.0,1.0,1250
Parque Mandaqui ,norte,200.0,4.0,6000
Parque Mandaqui ,norte,120.0,4.0,3500
Parque Mandaqui ,norte,176.0,2.0,2800
Parque Mandaqui ,norte,402.0,3.0,6000
Parque Mandaqui ,norte,250.0,4.0,3700
Parque Mandaqui ,norte,100.0,3.0,2100
Parque Mandaqui ,norte,166.0,3.0,3500
Parque Mandaqui ,norte,80.0,2.0,2300
Parada Inglesa ,norte,90.0,2.0,2500
Parada Inglesa ,norte,37.0,1.0,1200
Parada Inglesa ,norte,90.0,2.0,2800
Parada Inglesa ,norte,402.0,3.0,4400
Parada Inglesa ,norte,120.0,2.0,2100
Parada Inglesa ,norte,150.0,4.0,7500
Parada Inglesa ,norte,350.0,8.0,8000
Parada Inglesa ,norte,125.0,2.0,3000
Parada Inglesa ,norte,180.0,3.0,2500
Parada Inglesa ,norte,240.0,3.0,3000
Parada Inglesa ,norte,350.0,8.0,8000
Parada Inglesa ,norte,350.0,5.0,8000
Parada Inglesa ,norte,250.0,2.0,9000
Parada Inglesa ,norte,70.0,2.0,1800
Vila Medeiros ,norte,45.0,2.0,1100
Vila Medeiros ,norte,30.0,1.0,1200
Vila Medeiros ,norte,38.0,1.0,1200
Vila Medeiros ,norte,20.0,1.0,1800
Vila Medeiros ,norte,140.0,3.0,2300
Vila Medeiros ,norte,220.0,3.0,4400
Vila Medeiros ,norte,120.0,2.0,1900
Vila Medeiros ,norte,75.0,2.0,2700
Vila Medeiros ,norte,55.0,1.0,1200
Vila Medeiros ,norte,50.0,1.0,1000
Vila Medeiros ,norte,40.0,1.0,1100
Vila Medeiros ,norte,200.0,3.0,2700
Vila Medeiros ,norte,40.0,1.0,1200
Vila Medeiros ,norte,50.0,1.0,1550
Vila Dom Pedro Ii ,norte,37.0,1.0,1200
Vila Dom Pedro Ii ,norte,37.0,1.0,1200
Vila Dom Pedro Ii ,norte,90.0,2.0,2800
Vila Dom Pedro Ii ,norte,100.0,3.0,2300
Vila Dom Pedro Ii ,norte,240.0,3.0,3000
Vila Dom Pedro Ii ,norte,135.0,2.0,3200
Vila Dom Pedro Ii ,norte,30.0,2.0,1100
Vila Dom Pedro Ii ,norte,300.0,4.0,2500
Vila Dom Pedro Ii ,norte,50.0,4.0,12000
Casa Verde ,norte,40.0,1.0,750
Casa Verde ,norte,40.0,2.0,1150
Casa Verde ,norte,45.0,2.0,1200
Casa Verde ,norte,45.0,1.0,1000
Casa Verde ,norte,40.0,1.0,1100
Casa Verde ,norte,150.0,1.0,1000
Casa Verde ,norte,90.0,1.0,500
Casa Verde ,norte,50.0,1.0,650
Casa Verde ,norte,38.0,2.0,930
Casa Verde ,norte,200.0,3.0,4000
Casa Verde ,norte,93.0,2.0,2000
Casa Verde ,norte,50.0,1.0,700
Casa Verde ,norte,262.0,4.0,7000
Casa Verde ,norte,35.0,1.0,800
Casa Verde ,norte,180.0,3.0,6000
Casa Verde ,norte,170.0,4.0,4500
Casa Verde ,norte,50.0,1.0,1200
Casa Verde ,norte,100.0,2.0,2200
Jardim São Paulo ,norte,50.0,1.0,799
Jardim São Paulo ,norte,110.0,2.0,2200
Jardim São Paulo ,norte,70.0,2.0,1800
Jardim São Paulo ,norte,270.0,3.0,3000
Jardim São Paulo ,norte,450.0,4.0,8500
Jardim São Paulo ,norte,115.0,2.0,2400
Jardim São Paulo ,norte,271.0,4.0,7500
Jardim São Paulo ,norte,40.0,1.0,850
Jardim São Paulo ,norte,110.0,3.0,2300
Jardim São Paulo ,norte,70.0,3.0,1800
Jardim São Paulo ,norte,40.0,1.0,1200
Jardim São Paulo ,norte,16.0,1.0,520
Jardim São Paulo ,norte,115.0,3.0,1650
Jardim São Paulo ,norte,180.0,2.0,2000
Jardim São Paulo ,norte,90.0,2.0,1350
Jardim São Paulo ,norte,112.0,2.0,1600
Jardim São Paulo ,norte,127.0,3.0,7000
Jardim São Paulo ,norte,205.0,3.0,6000
Jardim São Paulo ,norte,90.0,2.0,1350
Jardim São Paulo ,norte,300.0,3.0,8000
Jardim São Paulo ,norte,45.0,1.0,800
Lauzane Paulista ,norte,260.0,3.0,2600
Lauzane Paulista ,norte,50.0,2.0,1400
Lauzane Paulista ,norte,60.0,1.0,1150
Lauzane Paulista ,norte,52.0,1.0,1000
Lauzane Paulista ,norte,230.0,3.0,6000
Lauzane Paulista ,norte,150.0,3.0,3000
Lauzane Paulista ,norte,350.0,6.0,5000
Lauzane Paulista ,norte,152.0,3.0,4000
Lauzane Paulista ,norte,150.0,3.0,2700
Lauzane Paulista ,norte,184.0,3.0,3200
Lauzane Paulista ,norte,60.0,1.0,1150
Lauzane Paulista ,norte,184.0,3.0,3200
Lauzane Paulista ,norte,30.0,1.0,900
Lauzane Paulista ,norte,30.0,1.0,800
Lauzane Paulista ,norte,200.0,3.0,3000
Lauzane Paulista ,norte,52.0,1.0,1000
Nossa Senhora Do Ó ,norte,300.0,5.0,3500
Nossa Senhora Do Ó ,norte,55.0,1.0,1380
Nossa Senhora Do Ó ,norte,419.0,4.0,4500
Nossa Senhora Do Ó ,norte,409.0,6.0,6500
Nossa Senhora Do Ó ,norte,250.0,5.0,3900
Nossa Senhora Do Ó ,norte,230.0,2.0,3000
Nossa Senhora Do Ó ,norte,230.0,2.0,3480
Nossa Senhora Do Ó ,norte,35.0,1.0,700
Nossa Senhora Do Ó ,norte,120.0,2.0,1980
Nossa Senhora Do Ó ,norte,180.0,3.0,2500
Vila Nova Mazzei ,norte,350.0,3.0,4200
Vila Nova Mazzei ,norte,40.0,1.0,850
Vila Nova Mazzei ,norte,120.0,4.0,2100
Vila Nova Mazzei ,norte,110.0,2.0,3000
Vila Nova Mazzei ,norte,180.0,5.0,4000
Vila Nova Mazzei ,norte,50.0,1.0,1000
Vila Nova Mazzei ,norte,65.0,3.0,1500
Vila Nova Mazzei ,norte,40.0,2.0,1300
Vila Nova Mazzei ,norte,32.0,1.0,1350
Vila Nova Mazzei ,norte,60.0,2.0,2000
Vila Nova Mazzei ,norte,100.0,2.0,2800
Vila Nova Mazzei ,norte,40.0,1.0,1700
Vila Nova Mazzei ,norte,40.0,1.0,1700
Vila Nova Mazzei ,norte,50.0,1.0,1000
Vila Nova Mazzei ,norte,50.0,3.0,2000
Vila Nova Mazzei ,norte,70.0,2.0,2500
Vila Nova Mazzei ,norte,320.0,4.0,4800
Vila Ester ,norte,70.0,2.0,1900
Vila Ester ,norte,300.0,3.0,5500
Vila Ester ,norte,350.0,5.0,4300
Vila Ester ,norte,93.0,2.0,2800
Vila Ester ,norte,40.0,1.0,1500
Vila Ester ,norte,190.0,3.0,5000
Vila Ester ,norte,250.0,3.0,2900
Vila Ester ,norte,300.0,3.0,6000
Vila Ester ,norte,120.0,2.0,5000
Vila Ester ,norte,80.0,3.0,2000
Imirim ,norte,72.0,3.0,1500
Imirim ,norte,70.0,2.0,850
Imirim ,norte,150.0,3.0,3000
Imirim ,norte,87.0,2.0,2600
Imirim ,norte,110.0,2.0,5000
Imirim ,norte,87.0,2.0,2600
Imirim ,norte,89.0,2.0,2600
Imirim ,norte,140.0,3.0,2500
Imirim ,norte,80.0,2.0,1350
Imirim ,norte,210.0,3.0,3800
Imirim ,norte,90.0,3.0,2300
Imirim ,norte,90.0,3.0,2500
Imirim ,norte,80.0,3.0,2000
Imirim ,norte,145.0,3.0,3000
Imirim ,norte,55.0,1.0,1300
Imirim ,norte,158.0,3.0,2300
Imirim ,norte,25.0,1.0,600
Vila Amália ,norte,270.0,3.0,3000
Vila Amália ,norte,280.0,4.0,3300
Vila Amália ,norte,270.0,3.0,2990
Vila Amália ,norte,140.0,3.0,3000
Vila Amália ,norte,120.0,3.0,2900
Vila Amália ,norte,270.0,3.0,2990
Vila Amália ,norte,215.0,3.0,3000
Vila Amália ,norte,270.0,3.0,2990
Vila Amália ,norte,35.0,1.0,950
Vila Amália ,norte,40.0,1.0,1200
Vila Amália ,norte,270.0,3.0,2990
Vila Amália ,norte,300.0,3.0,3500
Vila Amália ,norte,400.0,1.0,450
Vila Amália ,norte,90.0,2.0,1600
Vila Amália ,norte,270.0,3.0,2990
Vila Amália ,norte,350.0,4.0,6000
Freguesia Do Ó ,norte,90.0,2.0,1800
Freguesia Do Ó ,norte,80.0,2.0,1500
Freguesia Do Ó ,norte,65.0,2.0,1199
Freguesia Do Ó ,norte,120.0,4.0,3000
Freguesia Do Ó ,norte,300.0,5.0,3500
Freguesia Do Ó ,norte,230.0,2.0,3000
Freguesia Do Ó ,norte,170.0,1.0,2500
Freguesia Do Ó ,norte,70.0,2.0,1800
Freguesia Do Ó ,norte,90.0,2.0,1700
Freguesia Do Ó ,norte,45.0,1.0,850
Freguesia Do Ó ,norte,55.0,1.0,1500
Freguesia Do Ó ,norte,50.0,1.0,910
Freguesia Do Ó ,norte,75.0,3.0,1400
Freguesia Do Ó ,norte,75.0,3.0,1400
Freguesia Do Ó ,norte,100.0,4.0,4600
Freguesia Do Ó ,norte,60.0,1.0,938
Tucuruvi ,norte,120.0,4.0,2100
Tucuruvi ,norte,110.0,2.0,3000
Tucuruvi ,norte,90.0,2.0,2500
Tucuruvi ,norte,140.0,3.0,3300
Tucuruvi ,norte,300.0,3.0,3500
Tucuruvi ,norte,120.0,4.0,2400
Tucuruvi ,norte,120.0,3.0,1800
Tucuruvi ,norte,340.0,4.0,6000
Tucuruvi ,norte,35.0,1.0,860
Tucuruvi ,norte,300.0,7.0,5900
Tucuruvi ,norte,90.0,2.0,2500
Tucuruvi ,norte,150.0,3.0,2000
Tucuruvi ,norte,200.0,2.0,2500
Tucuruvi ,norte,60.0,2.0,2000
Tucuruvi ,norte,100.0,2.0,2800
Tucuruvi ,norte,200.0,2.0,2300
Tucuruvi ,norte,40.0,1.0,1700
Tucuruvi ,norte,180.0,2.0,2500
Vila Albertina ,norte,450.0,4.0,8500
Vila Albertina ,norte,90.0,2.0,1800
Vila Albertina ,norte,80.0,2.0,1500
Vila Albertina ,norte,70.0,2.0,1700
Vila Albertina ,norte,220.0,3.0,4000
Vila Albertina ,norte,390.0,3.0,14900
Vila Albertina ,norte,60.0,2.0,1400
Vila Albertina ,norte,450.0,4.0,8500
Vila Albertina ,norte,180.0,4.0,3180
Vila Albertina ,norte,450.0,4.0,8500
Vila Albertina ,norte,384.0,3.0,8815
Vila Albertina ,norte,450.0,4.0,8500
Vila Albertina ,norte,400.0,4.0,8000
Vila Albertina ,norte,290.0,4.0,4000
Parque Peruche ,norte,130.0,2.0,1700
Parque Peruche ,norte,260.0,4.0,6000
Parque Peruche ,norte,366.0,3.0,3500
Parque Peruche ,norte,130.0,2.0,1700
Parque Peruche ,norte,50.0,1.0,1030
Parque Peruche ,norte,70.0,1.0,1300
Parque Peruche ,norte,40.0,1.0,1250
Parque Peruche ,norte,60.0,2.0,1200
Parque Peruche ,norte,40.0,1.0,900
Parque Peruche ,norte,50.0,1.0,910
Parque Peruche ,norte,150.0,4.0,2500
Parque Peruche ,norte,40.0,1.0,900
Parque Peruche ,norte,126.0,2.0,2200
Parque Peruche ,norte,50.0,2.0,1500
Parque Peruche ,norte,200.0,3.0,6000
Parque Peruche ,norte,70.0,2.0,1750
Parque Peruche ,norte,70.0,1.0,800
Parque Peruche ,norte,40.0,2.0,1500
Parque Peruche ,norte,30.0,1.0,600
Parque Peruche ,norte,40.0,1.0,700
Parque Peruche ,norte,60.0,2.0,1100
Vila Maria ,norte,60.0,1.0,760
Vila Maria ,norte,34.0,1.0,850
Vila Maria ,norte,20.0,1.0,700
Vila Maria ,norte,39.0,1.0,900
Vila Maria ,norte,35.0,1.0,900
Vila Maria ,norte,35.0,1.0,900
Vila Maria ,norte,35.0,1.0,900
Vila Maria ,norte,40.0,1.0,1000
Vila Maria ,norte,42.0,1.0,800
Vila Maria ,norte,35.0,1.0,850
Vila Maria ,norte,60.0,2.0,1200
Vila Maria ,norte,35.0,1.0,1000
Vila Maria ,norte,30.0,1.0,860
Vila Maria ,norte,40.0,1.0,1350
Vila Maria ,norte,35.0,1.0,900
Vila Maria ,norte,20.0,1.0,700
Vila Maria ,norte,50.0,1.0,1000
Vila Maria ,norte,240.0,3.0,5500
Vila Maria ,norte,400.0,4.0,6000
Vila Maria ,norte,220.0,10.0,4500
Vila Maria ,norte,100.0,2.0,2300
Vila Palmeiras ,norte,40.0,1.0,800
Vila Palmeiras ,norte,35.0,1.0,700
Vila Palmeiras ,norte,70.0,2.0,950
Vila Palmeiras ,norte,65.0,3.0,1800
Vila Palmeiras ,norte,98.0,3.0,2600
Vila Palmeiras ,norte,170.0,3.0,3500
Vila Palmeiras ,norte,125.0,2.0,2000
Vila Palmeiras ,norte,35.0,1.0,700
Vila Palmeiras ,norte,40.0,1.0,960
Vila Palmeiras ,norte,90.0,2.0,1500
Vila Palmeiras ,norte,50.0,1.0,950
Vila Palmeiras ,norte,100.0,2.0,2400
Vila Palmeiras ,norte,40.0,1.0,700
Vila Palmeiras ,norte,65.0,2.0,800
Vila Palmeiras ,norte,70.0,2.0,1250
Vila Palmeiras ,norte,98.0,3.0,2400
Vila Maria Alta ,norte,34.0,1.0,850
Vila Maria Alta ,norte,20.0,1.0,700
Vila Maria Alta ,norte,39.0,1.0,900
Vila Maria Alta ,norte,35.0,1.0,900
Vila Maria Alta ,norte,35.0,1.0,900
Vila Maria Alta ,norte,35.0,1.0,900
Vila Maria Alta ,norte,40.0,1.0,1000
Vila Maria Alta ,norte,60.0,2.0,1200
Vila Maria Alta ,norte,35.0,1.0,1000
Vila Maria Alta ,norte,30.0,1.0,860
Vila Maria Alta ,norte,35.0,1.0,900
Vila Maria Alta ,norte,20.0,1.0,700
Vila Maria Alta ,norte,50.0,1.0,1000
Vila Maria Alta ,norte,240.0,3.0,4500
Vila Maria Alta ,norte,250.0,2.0,2400
Vila Maria Alta ,norte,15.0,1.0,500
Vila Maria Alta ,norte,22.0,1.0,850
Vila Maria Alta ,norte,40.0,1.0,1000
Jardim Leonor Mendes De Barros ,norte,70.0,2.0,1800
Jardim Leonor Mendes De Barros ,norte,110.0,3.0,2300
Jardim Leonor Mendes De Barros ,norte,1.0,3.0,5000
Jardim Leonor Mendes De Barros ,norte,330.0,4.0,7000
Jardim Leonor Mendes De Barros ,norte,125.0,1.0,1000
Jardim Leonor Mendes De Barros ,norte,350.0,4.0,3700
Jardim Leonor Mendes De Barros ,norte,300.0,3.0,3300
Jardim Leonor Mendes De Barros ,norte,350.0,4.0,7000
Jardim Leonor Mendes De Barros ,norte,160.0,3.0,3300
Jardim Leonor Mendes De Barros ,norte,150.0,4.0,4500
Jardim Leonor Mendes De Barros ,norte,360.0,4.0,4800
Jardim Leonor Mendes De Barros ,norte,254.0,4.0,4400
Jardim Leonor Mendes De Barros ,norte,200.0,3.0,3500
Jardim Leonor Mendes De Barros ,norte,150.0,2.0,2000
Jardim Leonor Mendes De Barros ,norte,345.0,4.0,5000
Jardim Leonor Mendes De Barros ,norte,200.0,2.0,2200
Parque Novo Mundo ,norte,30.0,1.0,850
Parque Novo Mundo ,norte,35.0,1.0,800
Parque Novo Mundo ,norte,190.0,3.0,2700
Parque Novo Mundo ,norte,190.0,3.0,4800
Parque Novo Mundo ,norte,190.0,3.0,3100
Parque Novo Mundo ,norte,45.0,1.0,1200
Parque Novo Mundo ,norte,40.0,1.0,750
Parque Novo Mundo ,norte,60.0,1.0,900
Parque Novo Mundo ,norte,50.0,1.0,850
Carandiru ,norte,35.0,1.0,1150
Carandiru ,norte,30.0,1.0,750
Carandiru ,norte,40.0,1.0,1300
Carandiru ,norte,40.0,1.0,1100
Carandiru ,norte,50.0,1.0,990
Carandiru ,norte,180.0,3.0,3500
Carandiru ,norte,150.0,1.0,1550
Carandiru ,norte,120.0,2.0,1700
Carandiru ,norte,125.0,2.0,2500
Carandiru ,norte,50.0,2.0,1300
